name,lat,lng,status,npsn,bentuk,telp,alamat,kelurahan,kecamatan
SDN 001 MERDEKA KOTA BANDUNG,-6.915600000000,107.610000000000,Negeri,20245231,SD,0224231251,Jl. Merdeka No. 9,Braga,Kec. Sumur Bandung
SDN 002 KARANGMULYA KOTA BANDUNG,-6.912500000000,107.580400000000,Negeri,20245212,SD,0226039074,Jl. Rajawali Sakti  No. 226,Dungus Cariang,Kec. Andir
SDN 003 PAGARSIH KOTA BANDUNG,-6.923100000000,107.594400000000,Negeri,20245064,SD,0226021395,Jl. Pagarsih No. 77,Cibadak,Kec. Astanaanyar
SDN 004 CISARANTEN KULON KOTA BANDUNG,-6.924800000000,107.683400000000,Negeri,20245530,SD,02287884871,Jl. Cisaranten Kulon No.129,Cisaranten Kulon,Kec. Arcamanik
SDN 005 BABAKAN CIPARAY KOTA BANDUNG,-6.948000000000,107.587600000000,Negeri,20245011,SD,02254418885,Jl. Kopo No. 440,Babakan Ciparay,Kec. Babakan Ciparay
SDN 006 BUAHBATU KOTA BANDUNG,-6.951700000000,107.640900000000,Negeri,20245122,SD,0227563975,Jl. H. Ibrahim Adjie No. 45,Cijaura,Kec. Buahbatu
SDN 007 CIPAGANTI KOTA BANDUNG,-6.894800000000,107.602900000000,Negeri,20245525,SD,0222043369,Jl. Sastra No. 11,Cipaganti,Kec. Coblong
SDN 008 MOHAMAD TOHA KOTA BANDUNG,-6.929900000000,107.606700000000,Negeri,20245238,SD,085861815888,Jl. Mohamad Toha No. 22,Pungkur,Kec. Regol
SDN 009 CIKADUT KOTA BANDUNG,-6.903800000000,107.665700000000,Negeri,20245520,SD,02263735415,Jl. A.H. Nasution Km.7 No. 1,Karang Pamulang,Kec. Mandalajati
SDN 010 CIDADAP KOTA BANDUNG,-6.864500000000,107.594500000000,Negeri,20245138,SD,0022082005741,Jl. Dr. Setiabudhi No. 234,Ledeng,Kec. Cidadap
SDN 011 CIBUNTU KOTA BANDUNG,-6.919200000000,107.576200000000,Negeri,20244743,SD,6044334,Jl. Holis No.31,Warung Muncang,Kec. Bandung Kulon
SDN 012 BABAKAN CIPARAY KOTA BANDUNG,-6.945300000000,107.583400000000,Negeri,20245013,SD,082130168612,Jl. Caringin No.106,Babakan Ciparay,Kec. Babakan Ciparay
SDN 013 PASIRKALIKI KOTA BANDUNG,-6.907900000000,107.597800000000,Negeri,20245742,SD,02263196084,Jalan HOS Cokroaminoto No. 110,Pasirkaliki,Kec. Cicendo
SDN 014 CIGONDEWAH KOTA BANDUNG,-6.934500000000,107.563500000000,Negeri,20244836,SD,02220567506,Jl. Cigondewah Kaler No. 15,Cigondewah Kaler,Kec. Bandung Kulon
SDN 015 KRESNA KOTA BANDUNG,-6.909800000000,107.592800000000,Negeri,20245706,SD,0226010996,Jl. Kresna No. 47,Arjuna,Kec. Cicendo
SDN 016 DR. CIPTO PAJAJARAN KOTA BANDUNG,-6.906700000000,107.599900000000,Negeri,20245566,SD,0224265015,Jl. Pajajaran No.58 / Dr. Cipto No.4,Pasirkaliki,Kec. Cicendo
SDN 017 SEKEJATI KOTA BANDUNG,-6.940500000000,107.653000000000,Negeri,20245760,SD,0895338960806,Jl. Cidurian Utara No.18,Sukapura,Kec. Kiaracondong
SDN 018 SUKAGALIH KOTA BANDUNG,-6.896100000000,107.602200000000,Negeri,20245266,SD,0222043130,Jl. Sukagalih No. 69,Sukabungah,Kec. Sukajadi
SDN 019 PABAKI KOTA BANDUNG,-6.927500000000,107.596000000000,Negeri,20245054,SD,0226074847,Jl. Pabaki No. 33,Panjunan,Kec. Astanaanyar
SDN 020 LENGKONG BESAR KOTA BANDUNG,-6.936000000000,107.620000000000,Negeri,20245219,SD,,Jl. Lengkong Besar No.139,Balong Gede,Kec. Regol
SDN 021 CIPOREAT KOTA BANDUNG,-6.917400000000,107.706200000000,Negeri,20245527,SD,7831464,Jl. A.H. Nasution No. 29,Pasanggrahan,Kec. Ujungberung
SDN 022 CICADAS KOTA BANDUNG,-6.905500000000,107.644100000000,Negeri,20245153,SD,,Jl. Cikutra No. 58,Padasuka,Kec. Cibeunying Kidul
SDN 023 PAJAGALAN KOTA BANDUNG,-6.926000000000,107.600500000000,Negeri,20244745,SD,081573129051,Jl. Pajagalan No. 58,Karang Anyar,Kec. Astanaanyar
SDN 024 COBLONG KOTA BANDUNG,-6.879500000000,107.616600000000,Negeri,20245546,SD,,Jl. Ir. H. Juanda No. 304,Dago,Kec. Coblong
SDN 025 CIKUTRA KOTA BANDUNG,-6.893400000000,107.637200000000,Negeri,20245172,SD,,Jl. Cikutra No.326,Neglasari,Kec. Cibeunying Kaler
SDN 026 BOJONGLOA KOTA BANDUNG,-6.950700000000,107.594000000000,Negeri,20244953,SD,0,Jl. Cibaduyut Raya No.142/199C,Kebon Lega,Kec. Bojong Loa Kidul
SDN 027 CICADAS KOTA BANDUNG,-6.906000000000,107.643600000000,Negeri,20245149,SD,,Jl. Cikutra No.15,Cikutra,Kec. Cibeunying Kidul
SDN 028 GUMURUH KOTA BANDUNG,-6.923800000000,107.631900000000,Negeri,20244864,SD,08978871047,Jl. Cibangkong No. 13,Cibangkong,Kec. Batununggal
SDN 029 CILENGKRANG KOTA BANDUNG,-6.913600000000,107.719700000000,Negeri,20245494,SD,02287885183,Jl. Cilengkrang I No.134,Cisurupan,Kec. Cibiru
SDN 030 CIRATEUN KOTA BANDUNG,-6.846600000000,107.601400000000,Negeri,20245140,SD,0222020367,Jl. Dr. Setiabudhi KM.10 No.5,Ledeng,Kec. Cidadap
SDN 031 PELESIRAN KOTA BANDUNG,-6.895800000000,107.607500000000,Negeri,20245749,SD,02282520467,Jl. Pelesiran No. 36,Lebak Siliwangi,Kec. Coblong
SDN 032 TILIL KOTA BANDUNG,-6.898200000000,107.623200000000,Negeri,20245822,SD,0222532245,Jl. Puyuh No. 2,Sadang Serang,Kec. Coblong
SDN 033 ASMI KOTA BANDUNG,-6.929500000000,107.608000000000,Negeri,20245201,SD,,Jl. Asmi No. 2,Pungkur,Kec. Regol
SDN 034 PATRAKOMALA KOTA BANDUNG,-6.912000000000,107.621400000000,Negeri,20245745,SD,,Jl. Patrakomala No.63,Merdeka,Kec. Sumur Bandung
SDN 035 SOKA KOTA BANDUNG,-6.915500000000,107.628900000000,Negeri,20245781,SD,0227202333,Jl. Soka No. 34,Merdeka,Kec. Sumur Bandung
SDN 036 UJUNGBERUNG KOTA BANDUNG,-6.912900000000,107.702000000000,Negeri,20245826,SD,08112261733,Jl. Cigending No. 3,Cigending,Kec. Ujungberung
SDN 037 SABANG KOTA BANDUNG,-6.908196000000,107.620893000000,Negeri,20245285,SD,0227208209,Jl. Sabang No. 2,Cihapit,Kec. Bandung Wetan
SDN 038 KIARACONDONG KOTA BANDUNG,-6.933400000000,107.643000000000,Negeri,20245701,SD,,Jl. Ibrahim Adjie No. 355,Kebon Kangkung,Kec. Kiaracondong
SDN 039 TEGALLEGA KOTA BANDUNG,-6.938100000000,107.603200000000,Negeri,20245095,SD,0,Jl. Pelindung Hewan No. 43,Pelindung Hewan,Kec. Astanaanyar
SDN 040 PASAWAHAN KOTA BANDUNG,-6.959600000000,107.613300000000,Negeri,20245073,SD,0225224809,Jl. Mochamad Toha No. 383,Wates,Kec. Bandung Kidul
SDN 041 CIBUNTU WARUNG MUNCANG KOTA BANDUNG,-6.922900000000,107.573900000000,Negeri,20244744,SD,0226003560,Jl. Holis - KPAD,Warung Muncang,Kec. Bandung Kulon
SDN 042 GAMBIR KOTA BANDUNG,-6.942900000000,107.641200000000,Negeri,20244857,SD,085900071587,Jl. Gambir No. 25,Samoja,Kec. Batununggal
SDN 043 CIMUNCANG KOTA BANDUNG,-6.903000000000,107.648100000000,Negeri,20245178,SD,,Jl. Babakan Haji Tamim No.33,Padasuka,Kec. Cibeunying Kidul
SDN 044 CICADAS AWIGOMBONG KOTA BANDUNG,-6.907700000000,107.640300000000,Negeri,20245157,SD,0227217671,Jl. Asep Berlian No.33,Cicadas,Kec. Cibeunying Kidul
SDN 045 PASIRKALIKI KOTA BANDUNG,-6.895500000000,107.561100000000,Negeri,20245735,SD,0226039134,Jl. Karya I No. 18,Sukaraja,Kec. Cicendo
SDN 046 SINDANGLAYA KOTA BANDUNG,-6.903700000000,107.680600000000,Negeri,20245768,SD,0227831419,Jl. Arcamanik No. 28,Sindang Jaya,Kec. Mandalajati
SDN 047 BALONGGEDE KOTA BANDUNG,-6.924600000000,107.607500000000,Negeri,20251861,SD,081220089933,Jl. Balonggede No. 49,Balong Gede,Kec. Regol
SDN 048 SIRNAMANAH KOTA BANDUNG,-6.888300000000,107.597900000000,Negeri,20244920,SD,02264401171,Jl. Sirnamanah No. 4,Pasteur,Kec. Sukajadi
SDN 049 DURMAN KOTA BANDUNG,-6.918200000000,107.599900000000,Negeri,20245193,SD,4263818,Jl. Durman No. 30,Kebon Jeruk,Kec. Andir
SDN 050 CIBIRU KOTA BANDUNG,-6.934200000000,107.721400000000,Negeri,20245488,SD,0227814658,"Jl. A.H. Nasution Km.14,5 Cibiru",Pasir Biru,Kec. Cibiru
SDN 051 PASIRKALIKI KOTA BANDUNG,-6.901600000000,107.596600000000,Negeri,20245740,SD,085294883002,JL. PASIRKALIKI BELAKANG NO.179,Pamoyanan,Kec. Cicendo
SDN 052 CISARANTEN WETAN GEDEBAGE KOTA BANDUNG,-6.940800000000,107.691600000000,Negeri,20245534,SD,02287885143,Jl. Raya Gedebage No. 17,Babakan Penghulu,Kec. Cinambo
SDN 053 CISITU KOTA BANDUNG,-6.882000000000,107.609400000000,Negeri,20245537,SD,0222513181,Jl. Sangkuriang No. 87,Dago,Kec. Coblong
SDN 054 TIKUKUR KOTA BANDUNG,-6.897200000000,107.621700000000,Negeri,20245817,SD,0222504130,Jl. Titimplik No. 1,Sadang Serang,Kec. Coblong
SDN 055 JATIHANDAP KOTA BANDUNG,-6.899600000000,107.657600000000,Negeri,20245598,SD,0227211803,Jl. Jatihandap  No. 50,Jatihandap,Kec. Mandalajati
SDN 056 GARUDA DADALI KOTA BANDUNG,-6.912900000000,107.577300000000,Negeri,20245196,SD,0226071998,Jl. Dadali No. 5,Garuda,Kec. Andir
SDN 057 BINAHARAPAN KOTA BANDUNG,-6.916100000000,107.687000000000,Negeri,20245481,SD,02287881269,Jl. Golf Selatan I No.26,Cisaranten Bina Harapan,Kec. Arcamanik
SDN 058 BABAKAN CIPARAY KOTA BANDUNG,-6.948400000000,107.584400000000,Negeri,20245014,SD,,Jl. Caringin Gg. Porib 3,Babakan Ciparay,Kec. Babakan Ciparay
SDN 059 CIRANGRANG KOTA BANDUNG,-6.954800000000,107.582700000000,Negeri,20245025,SD,02254433580,"Jl. K.H. Wahid Hasyim Kopo Km 5,5",Margasuka,Kec. Babakan Ciparay
SDN 060 RAYA BARAT KOTA BANDUNG,-6.918600000000,107.583300000000,Negeri,20245078,SD,,Jl. Jendral Sudirman No. 587,Sukahaji,Kec. Babakan Ciparay
SDN 061 CIJERAH KOTA BANDUNG,-6.921700000000,107.569200000000,Negeri,20244841,SD,0226021985,Jl. Cijerah No. 122,Cijerah,Kec. Bandung Kulon
SDN 062 CIUJUNG KOTA BANDUNG,-6.907040000000,107.629567000000,Negeri,20245187,SD,0227274217,Jl. Lapangan Supratman No. 7,Cihapit,Kec. Bandung Wetan
SDN 063 KEBON GEDANG KOTA BANDUNG,-6.928000000000,107.641300000000,Negeri,20245950,SD,081394024928,Jl. Kebon Gedang No.82,Maleer,Kec. Batununggal
SDN 064 PADASUKA KOTA BANDUNG,-6.899000000000,107.660800000000,Negeri,20245247,SD,081221027004,Jl. Padasuka No.90,Pasirlayung,Kec. Cibeunying Kidul
SDN 065 CIHAMPELAS KOTA BANDUNG,-6.887100000000,107.604100000000,Negeri,20245514,SD,0222043935,Jl. Cihampelas No. 280,Cipaganti,Kec. Coblong
SDN 066 HALIMUN KOTA BANDUNG,-6.927300000000,107.624900000000,Negeri,20245031,SD,0227333727,Jl. Halimun No. 46,Lingkar Selatan,Kec. Lengkong
SDN 067 NILEM KOTA BANDUNG,-6.936000000000,107.620300000000,Negeri,20245050,SD,,Jl. Nilem No.10,Burangrang,Kec. Lengkong
SDN 068 SINDANGLAYA KOTA BANDUNG,-6.905100000000,107.680600000000,Negeri,20245769,SD,02287883826,Jl. A.H. Nasution Km.9 No.15,Sindang Jaya,Kec. Mandalajati
SDN 069 CIPAMOKOLAN DERWATI KOTA BANDUNG,-6.965100000000,107.683000000000,Negeri,20245502,SD,022787309090,Jl. Raya Derwati No. 40,Derwati,Kec. Rancasari
SDN 070 PASIRLUYU KOTA BANDUNG,-6.939700000000,107.618700000000,Negeri,20246459,SD,,Jl. Pasirluyu No.164/205A,Pasirluyu,Kec. Regol
SDN 071 SUKAGALIH KOTA BANDUNG,-6.892700000000,107.592300000000,Negeri,20245267,SD,2042127,Jl. Sukagalih No.108,Sukabungah,Kec. Sukajadi
SDN 073 PAJAGALAN KOTA BANDUNG,-6.924100000000,107.600700000000,Negeri,20247280,SD,0224265847,Jl. Pajagalan No. 43,Karang Anyar,Kec. Astanaanyar
SDN 074 AYUDIA KOTA BANDUNG,-6.908800000000,107.589000000000,Negeri,20245449,SD,0226029887,Jl. Ayudia No. 25,Arjuna,Kec. Cicendo
SDN 075 JATAYU KOTA BANDUNG,-6.909700000000,107.583600000000,Negeri,20245591,SD,02220569798,Jl. Komud Supadio No.39A,Husen Sastranegara,Kec. Cicendo
SDN 076 SUKAJADI KOTA BANDUNG,-6.889900000000,107.597100000000,Negeri,20244925,SD,64404578,Jl. Sukajadi No. 138,Pasteur,Kec. Sukajadi
SDN 077 SEJAHTERA KOTA BANDUNG,-6.893035100000,107.601051900000,Negeri,20245980,SD,64404377,Jl. Sejahtera No. 12,Pasteur,Kec. Sukajadi
SDN 078 SINDANGSARI ANTAPANI KOTA BANDUNG,-6.906200000000,107.664700000000,Negeri,20245441,SD,087722273706,Jl. Sindangsari 1,Antapani Wetan,Kec. Antapani
SDN 079 KOPO PAJAGALAN KOTA BANDUNG,-6.927100000000,107.601300000000,Negeri,20245039,SD,0225222339,Jl. Pasirkoja No. 37,Nyengseret,Kec. Astanaanyar
SDN 080 BOJONG INDAH CIBUNTU KOTA BANDUNG,-6.927800000000,107.580900000000,Negeri,20244740,SD,20562854,Jl. Kawat No. 1,Caringin,Kec. Bandung Kulon
SDN 081 KEBON GEDANG KRIDAWINAYA KOTA BANDUNG,-6.931700000000,107.639400000000,Negeri,20245956,SD,02273514651,Jl. Gumuruh Belakang No.37,Gumuruh,Kec. Batununggal
SDN 082 MUARARAJEUN KOTA BANDUNG,-6.902400000000,107.631600000000,Negeri,20245242,SD,,Jl. Muararajeun No.26,Cihaurgeulis,Kec. Cibeunying Kaler
SDN 083 BABAKAN SURABAYA KOTA BANDUNG,-6.919900000000,107.644500000000,Negeri,20245470,SD,0227231541,Jl. H. Ibrahim Adjie No. 159,Babakan Sari,Kec. Kiaracondong
SDN 084 CIKADUT KOTA BANDUNG,-6.902700000000,107.664500000000,Negeri,20245521,SD,02263731979,Jl. Jamaras 4  No.101,Jatihandap,Kec. Mandalajati
SDN 085 CIUMBULEUIT KOTA BANDUNG,-6.863300000000,107.605700000000,Negeri,20245142,SD,,Jl. Bukit Raya No. 173,Ciumbuleuit,Kec. Cidadap
SDN 086 CIMINCRANG KOTA BANDUNG,-6.946000000000,107.704800000000,Negeri,20245497,SD,02263724314,Jl. Cilameta No.1,Cimincrang,Kec. Gedebage
SDN 087 RANCABOLANG KOTA BANDUNG,-6.950100000000,107.662200000000,Negeri,20246414,SD,0227514602,Jl. Rancabolang Indah No.1,Manjahlega,Kec. Rancasari
SDN 088 EMBONG KOTA BANDUNG,-6.921600000000,107.613200000000,Negeri,20245568,SD,,Jl. Embong No.6,Kebon Pisang,Kec. Sumur Bandung
SDN 089 BABAKAN CIPARAY KOTA BANDUNG,-6.931100000000,107.587500000000,Negeri,20244998,SD,0225431502,Jl. Caringin No. 150,Babakan Ciparay,Kec. Babakan Ciparay
SDN 090 CIBIRU KOTA BANDUNG,-6.934300000000,107.721000000000,Negeri,20245487,SD,0227830508,"Jl. A.H. Nasution Km. 14,5 Cibiru",Pasir Biru,Kec. Cibiru
SDN 091 CIBEUREUM KOTA BANDUNG,-6.900500000000,107.566000000000,Negeri,20245129,SD,02220565150,Jl. Asrama Kipal No. 56,Campaka,Kec. Andir
SDN 092 CIBADAK ANDIR KOTA BANDUNG,-6.921400000000,107.594500000000,Negeri,20244961,SD,0226079773,Jl. Cibadak No.193,Cibadak,Kec. Astanaanyar
SDN 093 TUNAS HARAPAN CIJERAH KOTA BANDUNG,-6.921500000000,107.569500000000,Negeri,20244933,SD,0226073035,Jl. Cijerah No. 116,Cijerah,Kec. Bandung Kulon
SDN 094 PARAKANWAAS KOTA BANDUNG,-6.953100000000,107.626800000000,Negeri,20245072,SD,082126292649,Jl. Waas II No. 94B,Batununggal,Kec. Bandung Kidul
SDN 095 BABAKANJATI KOTA BANDUNG,-6.948200000000,107.650600000000,Negeri,20246455,SD,02287500415,Jl. Cijawura Girang V,Sekejati,Kec. Buahbatu
SDN 096 SARIJADI SELATAN KOTA BANDUNG,-6.883600000000,107.573400000000,Negeri,20245260,SD,0222020774,"Jl. Sarimadu Bawah, Sarijadi Blok 26",Sukawarna,Kec. Sukajadi
SDN 097 CIRATEUN KULON KOTA BANDUNG,-6.843700000000,107.597700000000,Negeri,20244855,SD,0222003214,"Jl. Dr. Setiabudi Km. 10,7",Isola,Kec. Sukasari
SDN 098 CIROYOM KOTA BANDUNG,-6.915700000000,107.587700000000,Negeri,20245141,SD,082316119777,Jl. Rajawali Timur Gg.Taruna No. 33/26 A,Ciroyom,Kec. Andir
SDN 099 BABAKAN TAROGONG KOTA BANDUNG,-6.938500000000,107.593700000000,Negeri,20244943,SD,0226029365,Jl. K.H. Wahid Hasyim No. 256,Suka Asih,Kec. Bojong Loa Kaler
SDN 100 CIPEDES KOTA BANDUNG,-6.869400000000,107.587700000000,Negeri,20245922,SD,2011271,Jl. Gegerkalong Hilir No. 79,Sukarasa,Kec. Sukasari
SDN 101 SUKAKARYA KOTA BANDUNG,-6.907200000000,107.675400000000,Negeri,20245795,SD,02263729775,Jl. Sahardjo,Sukamiskin,Kec. Arcamanik
SDN 102 CIKUDAYASA KOTA BANDUNG,-6.919971600000,107.725353900000,Negeri,20245492,SD,,Jl. Cikuda,Pasir Biru,Kec. Cibiru
SDN 103 COBLONG KOTA BANDUNG,-6.878000000000,107.617100000000,Negeri,20245549,SD,0222535776,Jl. Ir. H. Juanda No. 338,Dago,Kec. Coblong
SDN 104 LANGENSARI SENANGGALIH KOTA BANDUNG,-6.892473100000,107.625633600000,Negeri,20245710,SD,,Jl. Kp. Pasirkaliki Barat,Sadang Serang,Kec. Coblong
SDN 105 SUKARELA KOTA BANDUNG,-6.926200000000,107.704900000000,Negeri,20245790,SD,0227816661,Jl. Pasanggrahan IX,Cipadung Kulon,Kec. Panyileukan
SDN 106 AJITUNGGAL CIJAMBE KOTA BANDUNG,-6.909000000000,107.692800000000,Negeri,20246393,SD,0227838096,Jl. Terusan Sukup  No.  5,Pasir Endah,Kec. Ujungberung
SDN 107 PALEDANG KOTA BANDUNG,-6.909300000000,107.709400000000,Negeri,20245729,SD,0227831951,Jl. Nagrog III No. 8,Pasirjati,Kec. Ujungberung
SDN 108 CIUMBULEUIT KOTA BANDUNG,-6.874100000000,107.603200000000,Negeri,20245144,SD,82065106,Jl. Bukit Indah No.12,Hegarmanah,Kec. Cidadap
SDN 109 CENTEH KOTA BANDUNG,-6.920500000000,107.626200000000,Negeri,20244829,SD,083137734469,Jl. Centeh No. 5,Samoja,Kec. Batununggal
SDN 110 PASIRKALIKI KOMARABUDI KOTA BANDUNG,-6.890800000000,107.561900000000,Negeri,20245736,SD,0226613553,Jl. Gunung Batu No.30A,Sukaraja,Kec. Cicendo
SDN 111 PINDAD KOTA BANDUNG,-6.935900000000,107.646500000000,Negeri,20245751,SD,022731514706,Jl. Papanggungan No.1,Sukapura,Kec. Kiaracondong
SDN 112 PAMOYANAN KOTA BANDUNG,-6.952800000000,107.611900000000,Negeri,20245254,SD,,Jl. Moch. Toha Belakang No. 325,Ciseureuh,Kec. Regol
SDN 113 BANJARSARI KOTA BANDUNG,-6.913431000000,107.610770000000,Negeri,20245475,SD,4231594,Jl. Merdeka No. 22,Babakan Ciamis,Kec. Sumur Bandung
SDN 114 BOJONGKONENG CIBEUNYING KOTA BANDUNG,-6.892928900000,107.644889100000,Negeri,20245119,SD,022220546048,Jl. Bojongkoneng No.38,Sukapada,Kec. Cibeunying Kidul
SDN 115 TURANGGA KOTA BANDUNG,-6.931500000000,107.635200000000,Negeri,20245097,SD,0227319616,Jl. Turangga No. 27,Lingkar Selatan,Kec. Lengkong
SDN 116 CICAHEUM KOTA BANDUNG,-6.902700000000,107.657200000000,Negeri,20245512,SD,0227236026,Jl. Antapani No. 44,Cicaheum,Kec. Kiaracondong
SDN 117 BATUNUNGGAL KOTA BANDUNG,-6.952700000000,107.636100000000,Negeri,20245021,SD,02287307879,Jl. Arhanudri No. 12 B,Batununggal,Kec. Bandung Kidul
SDN 118 TANJUNG KOTA BANDUNG,-6.929900000000,107.588900000000,Negeri,20244990,SD,0226024361,Jl. Babakan Tarogong No. 193,Suka Asih,Kec. Bojong Loa Kaler
SDN 119 CIJAGRA KOTA BANDUNG,-6.944600000000,107.627600000000,Negeri,20245023,SD,0227319490,Jl. Situ Lembang No. 1,Cijagra,Kec. Lengkong
SDN 120 KOTABARU KOTA BANDUNG,-6.935700000000,107.609300000000,Negeri,20245218,SD,0,Jl. Kota Baru III No.13,Ciateul,Kec. Regol
SDN 121 CARINGIN HOLIS KOTA BANDUNG,-6.938900000000,107.568500000000,Negeri,20244742,SD,02220567675,Jl. Holis No. 424,Caringin,Kec. Bandung Kulon
SDN 122 CIJAWURA KOTA BANDUNG,-6.960400000000,107.663000000000,Negeri,20245169,SD,0227503953,Jl. Cijawura,Mekarjaya,Kec. Rancasari
SDN 123 BABAKAN PRIANGAN KOTA BANDUNG,-6.946900000000,107.613400000000,Negeri,20245108,SD,,Jl. Babakan Priangan No.29,Ciseureuh,Kec. Regol
SDN 124 HANURA KOTA BANDUNG,-6.899400000000,107.724500000000,Negeri,20245586,SD,,Jl. Ciwaru,Cisurupan,Kec. Cibiru
SDN 125 TARUNA KARYA KOTA BANDUNG,-6.921900000000,107.713700000000,Negeri,20245811,SD,,Jl. Cilengkrang II No.80,Palasari,Kec. Cibiru
SDN 126 BABAKAN KOTA BANDUNG,-6.926900000000,107.578800000000,Negeri,20244995,SD,02220597806,Jl. Aki Padma No. 1,Babakan,Kec. Babakan Ciparay
SDN 127 SEKELOA KOTA BANDUNG,-6.887700000000,107.618900000000,Negeri,20245765,SD,02220461573,Jl. Sekeloa Utara No. 30 A,Sekeloa,Kec. Coblong
SDN 128 HAURPANCUH KOTA BANDUNG,-6.892700000000,107.619700000000,Negeri,20245587,SD,,Jl. Terusan Teuku Umar No. 87,Sadang Serang,Kec. Coblong
SDN 129 RANCASAWO MARGASARI KOTA BANDUNG,-6.960600000000,107.659400000000,Negeri,20246417,SD,02287313125,Jl. Rancasawo No.50,Margasari,Kec. Buahbatu
SDN 130 SEKELIMUS BATUNUNGGAL KOTA BANDUNG,-6.949400000000,107.637300000000,Negeri,20245084,SD,,Jl. Ters. Buahbatu Gg. Anyelir,Batununggal,Kec. Bandung Kidul
SDN 131 CIJAWURA KOTA BANDUNG,-6.964500000000,107.656900000000,Negeri,20245171,SD,0227514289,Jl. Cijawura Hilir No.384,Cijaura,Kec. Buahbatu
SDN 132 CIHAURGEULIS KOTA BANDUNG,-6.899700000000,107.629300000000,Negeri,20245165,SD,0222532263,Jl. Surapati No. 155,Sukaluyu,Kec. Cibeunying Kaler
SDN 133 JALAN ANYAR KOTA BANDUNG,-6.902700000000,107.652800000000,Negeri,20245211,SD,0227210760,Jl. Padasuka No. 99/209 C,Padasuka,Kec. Cibeunying Kidul
SDN 134 PANORAMA KOTA BANDUNG,-6.869900000000,107.601100000000,Negeri,20245244,SD,02282602605,Jl. Hegarmanah No. 152,Hegarmanah,Kec. Cidadap
SDN 135 TURANGGA KOTA BANDUNG,-6.929200000000,107.634800000000,Negeri,20245098,SD,0227305341,Jl. Salak No. 3,Lingkar Selatan,Kec. Lengkong
SDN 136 SUKAWARNA KOTA BANDUNG,-6.882200000000,107.578400000000,Negeri,20245278,SD,,Jl. Sariwangi No. 1,Sukawarna,Kec. Sukajadi
SDN 137 CIJEROKASO KOTA BANDUNG,-6.871100000000,107.580900000000,Negeri,20244848,SD,0222021923,Jl. Sarijadi Raya No.73,Sarijadi,Kec. Sukasari
SDN 138 GEGERKALONG GIRANG KOTA BANDUNG,-6.860800000000,107.586600000000,Negeri,20247203,SD,2014737,Jl. Geger Arum No. 11B,Isola,Kec. Sukasari
SDN 139 SUKARASA KOTA BANDUNG,-6.868500000000,107.586400000000,Negeri,20244928,SD,02220244928,Jl. Gegerkalong Hilir No. 82,Gegerkalong,Kec. Sukasari
SDN 140 ARCAMANIK KOTA BANDUNG,-6.909800000000,107.677100000000,Negeri,20245447,SD,,Jl. Mekarsari No. 2,Sukamiskin,Kec. Arcamanik
SDN 141 LOKAJAYA KOTA BANDUNG,-6.905600000000,107.680700000000,Negeri,20245712,SD,0227807788,Jl. A.H. Nasution Km. 9 No. 7,Cisaranten Bina Harapan,Kec. Arcamanik
SDN 142 DWIKORA KOTA BANDUNG,-6.943900000000,107.602900000000,Negeri,20245029,SD,0225232080,Jl. Inhoftank No.16,Pelindung Hewan,Kec. Astanaanyar
SDN 143 KOPO KOTA BANDUNG,-6.931600000000,107.602400000000,Negeri,20245043,SD,,Jl. Ibu Inggit Garnasih No.74/21,Nyengseret,Kec. Astanaanyar
SDN 144 SITUGUNTING KOTA BANDUNG,-6.932400000000,107.584200000000,Negeri,20245089,SD,08987849884,Jl. H. Zakaria No. 56,Sukahaji,Kec. Babakan Ciparay
SDN 145 BINONG JATI KOTA BANDUNG,-6.935300000000,107.639300000000,Negeri,20244825,SD,0227330319,Jl. Binongjati No. 2,Binong,Kec. Batununggal
SDN 146 GUMURUH KOTA BANDUNG,-6.930500000000,107.638900000000,Negeri,20244870,SD,0227320490,Jl. Gumuruh No.138,Gumuruh,Kec. Batununggal
SDN 147 CITARIP BARAT KOTA BANDUNG,-6.939100000000,107.585200000000,Negeri,20244969,SD,,Jl. Madesa No.24 Rt.01/12,Kopo,Kec. Bojong Loa Kaler
SDN 148 CIBADUYUT KOTA BANDUNG,-6.955800000000,107.591200000000,Negeri,20244963,SD,0225426700,Jl. Cibaduyut Raya Gg. Ma Maja No. 50,Cibaduyut,Kec. Bojong Loa Kidul
SDN 149 CIGADUNG KOTA BANDUNG,-6.878600000000,107.625500000000,Negeri,20245162,SD,,Jl. Ranca Kendal No.99,Cigadung,Kec. Cibeunying Kaler
SDN 150 GATOT SUBROTO KOTA BANDUNG,-6.903100000000,107.636500000000,Negeri,20245206,SD,70723079,Jl. Yudhawastu Pramuka IV,Cicadas,Kec. Cibeunying Kidul
SDN 151 SUKASENANG KOTA BANDUNG,-6.898300000000,107.636200000000,Negeri,20245284,SD,0227203489,Jl. P.H.H. Mustofa No. 46,Cikutra,Kec. Cibeunying Kidul
SDN 152 CIGAGAK KOTA BANDUNG,-6.908000000000,107.724600000000,Negeri,20245838,SD,081220886679,Jl. Cilengkrang I No.153,Cisurupan,Kec. Cibiru
SDN 153 TARUNA KARYA KOTA BANDUNG,-6.918800000000,107.716000000000,Negeri,20245812,SD,081220888375,Jl. Galumpit No.2,Palasari,Kec. Cibiru
SDN 154 CITEPUS KOTA BANDUNG,-6.902200000000,107.588700000000,Negeri,20245541,SD,0226006312,Jl. Astana Eyang,Pajajaran,Kec. Cicendo
SDN 155 GUNUNG RAHAYU KOTA BANDUNG,-6.890500000000,107.569500000000,Negeri,20245570,SD,0226027644,Jl. Mentor No.67 Kelurahan Sukaraja Kecamatan Cicendo,Sukaraja,Kec. Cicendo
SDN 156 PASIRKALIKI KOTA BANDUNG,-6.893000000000,107.564600000000,Negeri,20245737,SD,,Jl. Babakan Cianjur No. 81,Sukaraja,Kec. Cicendo
SDN 158 BABAKAN SARI BABAKAN SURABAYA KOTA BANDUNG,-6.921600000000,107.646200000000,Negeri,20245452,SD,081294812887,Jl. Babakan Sari I No.173,Babakan Sari,Kec. Kiaracondong
SDN 159 SEKEJATI KOTA BANDUNG,-6.940500000000,107.653500000000,Negeri,20245762,SD,,Jl. Cidurian Utara No.22,Sukapura,Kec. Kiaracondong
SDN 160 SUKALAKSANA KOTA BANDUNG,-6.910500000000,107.647400000000,Negeri,20245797,SD,0227216834,Jl. Sukakarya No.109 Cicaheum,Cicaheum,Kec. Kiaracondong
SDN 161 SUKAPURA KOTA BANDUNG,-6.930100000000,107.649300000000,Negeri,20245805,SD,0227333050,Jl. Terusan PSM No.1,Sukapura,Kec. Kiaracondong
SDN 162 WARUNGJAMBU KIARACONDONG KOTA BANDUNG,-6.929600000000,107.645600000000,Negeri,20245836,SD,,Jl. Warung Jambu No.28,Kebon Kangkung,Kec. Kiaracondong
SDN 163 BUAHBATU BARU KOTA BANDUNG,-6.946900000000,107.632500000000,Negeri,20245022,SD,087766647788,Jl. Buahbatu No. 273,Turangga,Kec. Lengkong
SDN 164 KARANGPAWULANG KOTA BANDUNG,-6.939100000000,107.628500000000,Negeri,20245036,SD,87352601,Jalan Karawitan No. 81,Turangga,Kec. Lengkong
SDN 165 JATIHANDAP KOTA BANDUNG,-6.898300000000,107.656900000000,Negeri,20245596,SD,0227235514,Jl. Jatihandap Gg. Masjid,Jatihandap,Kec. Mandalajati
SDN 166 CIATEUL KOTA BANDUNG,-6.931800000000,107.611800000000,Negeri,20245146,SD,0225211958,Jl. Ibu Inggit Garnasih No.159,Pungkur,Kec. Regol
SDN 167 MENGGER GIRANG KOTA BANDUNG,-6.951900000000,107.616700000000,Negeri,20245229,SD,02242821008,Jl. Mengger Girang III No. 4,Pasirluyu,Kec. Regol
SDN 168 CIPADUNG KOTA BANDUNG,-6.924700000000,107.716100000000,Negeri,20245500,SD,0227815028,Jl. Embah Jaksa No. 145 B,Cipadung,Kec. Cibiru
SDN 169 PELITA KOTA BANDUNG,-6.922700000000,107.719900000000,Negeri,20245747,SD,02263700432,Jl. Desa Cipadung Cibiru,Cipadung,Kec. Cibiru
SDN 170 DIAN KOTA BANDUNG,-6.898800000000,107.588900000000,Negeri,20245564,SD,0226630036,Jl. Budi No. 26,Sukaraja,Kec. Cicendo
SDN 171 LANUMA HUSEIN KOTA BANDUNG,-6.893800000000,107.583500000000,Negeri,20245709,SD,0226020574,Jl. Sukawarna No. 3,Pajajaran,Kec. Cicendo
SDN 172 ANDIR KIDUL KOTA BANDUNG,-6.913900000000,107.695500000000,Negeri,20245439,SD,0227832462,Jl. A.H Nasution No. 38 A,Pakemitan,Kec. Cinambo
SDN 173 NEGLASARI KOTA BANDUNG,-6.891500000000,107.623800000000,Negeri,20245717,SD,02220454628,"Jl. Kp. PAsirkaliki Barat, RT 04/15",Sadang Serang,Kec. Coblong
SDN 174 PASIR IMPUN KOTA BANDUNG,-6.898300000000,107.673800000000,Negeri,20245733,SD,0227216482,Jl. Pasir Impun No. 23,Karang Pamulang,Kec. Mandalajati
SDN 175 TANJAKAN KOTA BANDUNG,-6.891000000000,107.663200000000,Negeri,20245816,SD,02287772110,Jl. Jatihandap No. 64,Jatihandap,Kec. Mandalajati
SDN 176 CILANDAK KOTA BANDUNG,-6.875600000000,107.580500000000,Negeri,20245918,SD,02282027171,Jl. Sarijadi Blok I,Sarijadi,Kec. Sukasari
SDN 177 CIPEDES KOTA BANDUNG,6.869200000000,107.587800000000,Negeri,20245919,SD,0222012267,Jl. Setrasari Tengah No.15,Sukarasa,Kec. Sukasari
SDN 178 GEGERKALONG KPAD KOTA BANDUNG,-6.866500000000,107.581800000000,Negeri,20244861,SD,0222002945,Jl. Manunggal KPAD,Gegerkalong,Kec. Sukasari
SDN 179 SARIJADI KOTA BANDUNG,-6.880726400000,107.574930900000,Negeri,20244903,SD,0222002135,Jl. Sarimanis Blok 17,Sarijadi,Kec. Sukasari
SDN 180 PRAKARSA NUGRAHA KOTA BANDUNG,-6.929683000000,107.668124600000,Negeri,20245754,SD,0227335197,Jl. Parakan Saat No. 45,Cisaranten Endah,Kec. Arcamanik
SDN 181 SUKAMISKIN KOTA BANDUNG,-6.910800000000,107.679100000000,Negeri,20245804,SD,,Jl. Terusan Pesantren No 86,Sukamiskin,Kec. Arcamanik
SDN 182 PERUMNAS CIJERAH KOTA BANDUNG,-6.936800000000,107.561300000000,Negeri,20244899,SD,02220561355,Jl. Cijerah Barat No. 04,Cijerah,Kec. Bandung Kulon
SDN 183 SAYURAN KOTA BANDUNG,-6.923300000000,107.573500000000,Negeri,20244910,SD,02270766373,Jl. Sindangsari Kp. Sayuran No. 36,Cijerah,Kec. Bandung Kulon
SDN 184 BUAHBATU KOTA BANDUNG,-6.951000000000,107.640800000000,Negeri,20246396,SD,0227512567,Jl. Ibrahim Adjie No.65,Cijaura,Kec. Buahbatu
SDN 186 CIPADUNG KOTA BANDUNG,-6.931600000000,107.713800000000,Negeri,20245498,SD,0227814156,"Jl. A.H. Nasution No.71 Km.13,5 Cibiru",Cipadung,Kec. Cibiru
SDN 187 LANUMA HUSEIN KOTA BANDUNG,-6.899000000000,107.586400000000,Negeri,20245707,SD,02220562651,Jl. L.M.U Suparmin No.1 RT 02 RW 02,Pajajaran,Kec. Cicendo
SDN 188 BANDUNG BARU KOTA BANDUNG,-6.863900000000,107.607100000000,Negeri,20245106,SD,,Jl. Bukit Raya Selatan No.298,Ciumbuleuit,Kec. Cidadap
SDN 189 NEGLASARI KOTA BANDUNG,-6.888461500000,107.625326500000,Negeri,20245718,SD,0222535704,Jl. Raya Sadang Serang,Sekeloa,Kec. Coblong
SDN 190 CISARANTEN KIDUL KOTA BANDUNG,-6.944500000000,107.685200000000,Negeri,20245505,SD,,Jl. Riung Bakti 1,Cisaranten Kidul,Kec. Gedebage
SDN 191 BABAKAN SURABAYA KOTA BANDUNG,-6.918900000000,107.644800000000,Negeri,20245464,SD,0227231655,Jl. Ibrahim Adjie Belakang No.147,Babakan Sari,Kec. Kiaracondong
SDN 192 CIBURUY KOTA BANDUNG,-6.956100000000,107.614500000000,Negeri,20245148,SD,0,Jl. Ciburuy Kav. 59,Ciseureuh,Kec. Regol
SDN 193 CARINGIN KOTA BANDUNG,-6.889600000000,107.585900000000,Negeri,20245126,SD,,Jl. Sukamulya No.46,Sukagalih,Kec. Sukajadi
SDN 194 SUKAJADI KOTA BANDUNG,-6.883300000000,107.594600000000,Negeri,20244926,SD,0222060300,Jl. Karang Tineung No. 5A,Cipedes,Kec. Sukajadi
SDN 195 ISOLA KOTA BANDUNG,-6.863900000000,107.592200000000,Negeri,20244878,SD,0222017869,Jl. Gegerkalong Girang No.12,Isola,Kec. Sukasari
SDN 196 SUKARASA KOTA BANDUNG,-6.865637800000,107.587933300000,Negeri,20244929,SD,0222010421,Jl. Pak Gatot V KPAD,Gegerkalong,Kec. Sukasari
SDN 197 KARANG TARUNA KARANGSARI KOTA BANDUNG,-6.912300000000,107.579600000000,Negeri,20245215,SD,,Jl. Halteu Utara No. 149,Dungus Cariang,Kec. Andir
SDN 198 MEKARJAYA KOTA BANDUNG,-6.922300000000,107.680200000000,Negeri,20245715,SD,7814496,Jl. Cisaranten Baru N0. 21,Cisaranten Kulon,Kec. Arcamanik
SDN 199 SAYURAN KOTA BANDUNG,-6.923400000000,107.573900000000,Negeri,20244909,SD,0226003887,Kp. Sayuran No. 74,Cijerah,Kec. Bandung Kulon
SDN 200 LEUWIPANJANG KOTA BANDUNG,-6.944000000000,107.599500000000,Negeri,20244980,SD,02263173426,Jl. Muarasari Raya No. 49,Kebon Lega,Kec. Bojong Loa Kidul
SDN 201 SUKALUYU KOTA BANDUNG,-6.895300000000,107.631900000000,Negeri,20245280,SD,0222512610,Jl. Rereng Adumanis No.2A,Sukaluyu,Kec. Cibeunying Kaler
SDN 202 SURYALAYA KOTA BANDUNG,-6.944400000000,107.625300000000,Negeri,20245094,SD,02287352335,Jl. Surya Indah No.81,Cijagra,Kec. Lengkong
SDN 203 KACAPIRING KOTA BANDUNG,-6.923400000000,107.636300000000,Negeri,20244880,SD,,Jl. Sukabumi Dalam No. 3,Kacapiring,Kec. Batununggal
SDN 204 CIDADAP KOTA BANDUNG,-6.863400000000,107.599200000000,Negeri,20245139,SD,0222001100,Jl. Cipaku Indah 2 No. 13,Ledeng,Kec. Cidadap
SDN 205 NEGLASARI KOTA BANDUNG,-6.890600000000,107.623700000000,Negeri,20245720,SD,,Jl. Raya Sadang Sari No. 1,Sekeloa,Kec. Coblong
SDN 206 PUTRACO INDAH KOTA BANDUNG,-6.941900000000,107.632300000000,Negeri,20245077,SD,0227302178,Jl. Rajamantri Kaler No. 25,Turangga,Kec. Lengkong
SDN 207 CIBOGO KOTA BANDUNG,-6.885600000000,107.579200000000,Negeri,20245137,SD,08990944718,Jl. Cibogo No. 78,Sukawarna,Kec. Sukajadi
SDN 208 LUGINASARI SUKAGALIH KOTA BANDUNG,-6.891200000000,107.595100000000,Negeri,20245963,SD,0222030044,Jl. Sukagalih Komplek POLRI,Cipedes,Kec. Sukajadi
SDN 209 ANTAPANI KOTA BANDUNG,-6.910500000000,107.658000000000,Negeri,20245442,SD,7215025,Jl. Antapani No. 1,Antapani Kulon,Kec. Antapani
SDN 210 BABAKAN SINYAR KOTA BANDUNG,-6.928200000000,107.652500000000,Negeri,20245460,SD,0227334268,Jl. Terusan Sukapura No 71,Sukapura,Kec. Kiaracondong
SDN 211 BABAKAN PRIANGAN KOTA BANDUNG,-6.945600000000,107.612800000000,Negeri,20245110,SD,0225222353,Jl. Sriwijaya,Ciseureuh,Kec. Regol
SDN 212 HARAPAN KOTA BANDUNG,-6.865300000000,107.588400000000,Negeri,20245941,SD,0222004661,Jl. Pak Gatot VI KPAD,Gegerkalong,Kec. Sukasari
SDN 213 BABAKAN CIPARAY KOTA BANDUNG,-6.940100000000,107.576500000000,Negeri,20245008,SD,02220563701,Jl. Caringin Cikungkurak RT.03/06,Babakan Ciparay,Kec. Babakan Ciparay
SDN 214 PERUMNAS CIJERAH KOTA BANDUNG,-6.927700000000,107.565400000000,Negeri,20244900,SD,0226022677,Jl. Cijerah No. 232,Cijerah,Kec. Bandung Kulon
SDN 215 RANCASAGATAN KOTA BANDUNG,-6.951600000000,107.699300000000,Negeri,20245759,SD,,Jl. Rancasagatan 1,Cisaranten Kidul,Kec. Gedebage
SDN 216 SONDARIAH KOTA BANDUNG,-6.964900000000,107.705400000000,Negeri,20245780,SD,085871087141,Jl. Rancanumpang,Rancanumpang,Kec. Gedebage
SDN 217 SARIJADI KOTA BANDUNG,-6.878200000000,107.580100000000,Negeri,20245971,SD,02282025141,Komp. Perum Sarijadi Blok 4 No. 100,Sarijadi,Kec. Sukasari
SDN 218 SARIJADI KOTA BANDUNG,-6.876600000000,107.576900000000,Negeri,20244907,SD,02282001311,Komp. Sarijadi Blok 8 No.11,Sarijadi,Kec. Sukasari
SDN 219 BABAKANJATI KOTA BANDUNG,-6.941800000000,107.640500000000,Negeri,20244823,SD,082126403995,Jl. H. Basuki No.159,Binong,Kec. Batununggal
SDN 220 GUMURUH KOTA BANDUNG,-6.935200000000,107.635400000000,Negeri,20244871,SD,,Jl. Taurus No.60,Gumuruh,Kec. Batununggal
SDN 221 BABAKAN SENTRAL KOTA BANDUNG,-6.929600000000,107.650000000000,Negeri,20245455,SD,02287340371,Jl. Terusan PSM No.2,Sukapura,Kec. Kiaracondong
SDN 222 PASIRPOGOR KOTA BANDUNG,-6.961600000000,107.662800000000,Negeri,20246413,SD,0228759342,Jl. Pasir Suci No.8,Mekarjaya,Kec. Rancasari
SDN 223 BHAKTI WINAYA KOTA BANDUNG,-6.941300000000,107.621100000000,Negeri,20245114,SD,0225229664,Jl. Pasirjaya VI No. 1,Pasirluyu,Kec. Regol
SDN 224 CIJAMBE KOTA BANDUNG,-6.909500000000,107.692500000000,Negeri,20245517,SD,0227837926,Jl. Sukup Baru No. 18,Pasir Endah,Kec. Ujungberung
SDN 225 MEKARGALIH KOTA BANDUNG,-6.908100000000,107.714800000000,Negeri,20245714,SD,087821426676,Jl. Sekemala No. 73,Pasanggrahan,Kec. Ujungberung
SDN 226 ARCAMANIK ENDAH KOTA BANDUNG,-6.914900000000,107.678500000000,Negeri,20245448,SD,,Jl. Olah Raga No. 5,Sukamiskin,Kec. Arcamanik
SDN 227 MARGAHAYU UTARA KOTA BANDUNG,-6.950420000000,107.573243000000,Negeri,20245046,SD,5423824,Jl. Cibolerang No. 185,Margasuka,Kec. Babakan Ciparay
SDN 228 CANGKUANG KOTA BANDUNG,-6.959200000000,107.589800000000,Negeri,20244959,SD,,Jl. Cibaduyut Raya Gg. TVRI 5,Cibaduyut Kidul,Kec. Bojong Loa Kidul
SDN 229 CIBADUYUT KOTA BANDUNG,-6.954300000000,107.587300000000,Negeri,20244966,SD,0225421655,Jl. Prambanan Blok O No. 4,Cibaduyut Kidul,Kec. Bojong Loa Kidul
SDN 230 MARGAHAYU RAYA KOTA BANDUNG,-6.955000000000,107.663500000000,Negeri,20245226,SD,0227530140,Jl. Pluto Utara Blok G No.73,Margasari,Kec. Buahbatu
SDN 231 SUKAASIH KOTA BANDUNG,-6.900800000000,107.685700000000,Negeri,20245794,SD,0227816875,Jl. Suka Asih Atas IV Bandung,Sindang Jaya,Kec. Mandalajati
SDN 232 BLOK SAWAH KOTA BANDUNG,-6.936800000000,107.559100000000,Negeri,20244739,SD,,Kp. Blok Sawah,Cigondewah Kidul,Kec. Bandung Kulon
SDN 233 CIBADUYUT KOTA BANDUNG,-6.951200000000,107.594100000000,Negeri,20244967,SD,,Jl. Cibaduyut Raya Blok Pasantren No.45,Cibaduyut,Kec. Bojong Loa Kidul
SDN 234 SALUYU KOTA BANDUNG,-6.897600000000,107.648900000000,Negeri,20245262,SD,0227208556,Jl. Cimuncang Dalam No.52,Sukapada,Kec. Cibeunying Kidul
SDN 235 LENGKONG KECIL KOTA BANDUNG,-6.923200000000,107.615200000000,Negeri,20245045,SD,0224213041,Jl. Lengkong Kecil No. 55,Paledang,Kec. Lengkong
SDN 236 BABAKAN CIPARAY KOTA BANDUNG,-6.945800000000,107.578900000000,Negeri,20245001,SD,,Jl. Caringin Gg. Lumbung III No. 50,Babakan Ciparay,Kec. Babakan Ciparay
SDN 237 KOPO ELOK KOTA BANDUNG,-6.957300000000,107.582700000000,Negeri,20245044,SD,,Jl. Buana No. 8,Cirangrang,Kec. Babakan Ciparay
SDN 238 CIGONDEWAH KOTA BANDUNG,-6.935800000000,107.561100000000,Negeri,20244839,SD,0226004067,Jl. Cigondewah Kaler Blok Jambangan,Cigondewah Kaler,Kec. Bandung Kulon
SDN 239 CIGONDEWAH KOTA BANDUNG,-6.938200000000,107.557300000000,Negeri,20244838,SD,089655145131,Jl. Baturengat Cigondewah,Cigondewah Kaler,Kec. Bandung Kulon
SDN 240 CIJERAH INDAH KOTA BANDUNG,-6.922800000000,107.565900000000,Negeri,20244846,SD,02220567659,Jl. Mekar Hurip No.18,Cijerah,Kec. Bandung Kulon
SDN 241 LEUWIANYAR KOTA BANDUNG,-6.942400000000,107.594400000000,Negeri,20244978,SD,,Jl. Leuwianyar,Situsaeur,Kec. Bojong Loa Kidul
SDN 242 MARGASARI KOTA BANDUNG,-6.956800000000,107.669000000000,Negeri,20245228,SD,,Jl. Rancasawo Komplek Pindad,Margasari,Kec. Buahbatu
SDN 243 CICABE KOTA BANDUNG,-6.900700000000,107.660200000000,Negeri,20245510,SD,0227236166,Jl. H. Abdul Hamid No. 66,Jatihandap,Kec. Mandalajati
SDN 244 GURUMINDA KOTA BANDUNG,-6.933684800000,107.677934400000,Negeri,20245585,SD,02270779428,Jl. Indra Jaya No. 7,Cisaranten Kulon,Kec. Arcamanik
SDN 245 SUMBERSARI INDAH KOTA BANDUNG,-6.937300000000,107.572700000000,Negeri,20245090,SD,0226044201,Jl. Sumber Makmur No. 1,Babakan,Kec. Babakan Ciparay
SDN 246 MARGACINTA KOTA BANDUNG,-6.955100000000,107.642100000000,Negeri,20246410,SD,0227538126,Jl. Marga Indah I Margacinta,Cijaura,Kec. Buahbatu
SDN 247 SUKAPURA KOTA BANDUNG,-6.921800000000,107.714900000000,Negeri,20258124,SD,0227832748,Jl. Manglayang I No.1 Kecamatan Cibiru,Palasari,Kec. Cibiru
SDN 248 SINDANGSARI KOTA BANDUNG,-6.926800000000,107.664700000000,Negeri,20245778,SD,082115365997,Jl. Cibodas Raya,Antapani Kidul,Kec. Antapani
SDN 249 ASTANAANYAR KOTA BANDUNG,-6.932400000000,107.600500000000,Negeri,20244993,SD,0225228386,Jl. Liogenteng No. 27,Nyengseret,Kec. Astanaanyar
SDN 250 JAKAPURWA KOTA BANDUNG,-6.961500000000,107.649600000000,Negeri,20245034,SD,0227500525,Jl. Jakamulya No.16,Kujangsari,Kec. Bandung Kidul
SDN 251 JAMIKA KOTA BANDUNG,-6.923200000000,107.587300000000,Negeri,20244975,SD,6001802,Jl. Pagarsih Gg. Pa Oyon,Jamika,Kec. Bojong Loa Kaler
SDN 252 SETIABUDI KOTA BANDUNG,-6.880000000000,107.578900000000,Negeri,20244937,SD,0222013447,Jl. Sarirasa Blok IV Sarijadi,Sarijadi,Kec. Sukasari
SDN 253 PANGGUNGSARI KOTA BANDUNG,-6.908900000000,107.702200000000,Negeri,20245731,SD,,Jl. Teritorial No.112,Cigending,Kec. Ujungberung
SDN 254 GRIYA BUMI ANTAPANI KOTA BANDUNG,-6.913000000000,107.653800000000,Negeri,20245583,SD,0227215348,Jl. Subang V No. 5,Antapani Tengah,Kec. Antapani
SDN 255 GRIYA BUMI ANTAPANI KOTA BANDUNG,-6.919600000000,107.658000000000,Negeri,20245575,SD,7214138,Jl. Cicalengka Raya No. 1,Antapani Kidul,Kec. Antapani
SDN 256 CIGONDEWAH HILIR KOTA BANDUNG,-6.945500000000,107.565900000000,Negeri,20244840,SD,02220560028,Jl. Cigondewah Rahayu RT. 02/05,Cigondewah Rahayu,Kec. Bandung Kulon
SDN 257 PELITA KOTA BANDUNG,-6.943899000000,107.632472000000,Negeri,20245257,SD,,Jl. Rajamantri Kidul No. 4,Turangga,Kec. Lengkong
SDN 258 SUKARELA KOTA BANDUNG,-6.923000000000,107.700900000000,Negeri,20245792,SD,0227816153,Jl. Panyawangan No. 7,Cipadung Kulon,Kec. Panyileukan
SDN 259 GRIYA BUMI ANTAPANI KOTA BANDUNG,-6.915300000000,107.665200000000,Negeri,20245580,SD,0227215682,Jl. Cibatu VI No. 1 Antapani,Antapani Tengah,Kec. Antapani
SDN 260 GRIYA BUMI ANTAPANI KOTA BANDUNG,-6.913200000000,107.667900000000,Negeri,20245582,SD,0227210232,Jl. Tanjungsari VI No. 40,Antapani Wetan,Kec. Antapani
SDN 261 MARGAHAYU RAYA KOTA BANDUNG,-6.945600000000,107.658100000000,Negeri,20246408,SD,0227535321,Jl. Jupiter No.92A,Sekejati,Kec. Buahbatu
SDN 262 PANYILEUKAN KOTA BANDUNG,-6.942000000000,107.716500000000,Negeri,20245724,SD,02287820537,Komp. Bumi Panyileukan F.1,Cipadung Kidul,Kec. Panyileukan
SDN 263 RANCALOA KOTA BANDUNG,-6.946700000000,107.676200000000,Negeri,20245756,SD,0227513422,Jl. Cipamokolan No. 62,Cipamokolan,Kec. Rancasari
SDN 264 GRIYA BUMI ANTAPANI KOTA BANDUNG,-6.914500000000,107.659700000000,Negeri,20245577,SD,02220524222,Jl. Plered 9 No. 25,Antapani Tengah,Kec. Antapani
SDN 265 BANDUNGKULON KOTA BANDUNG,-6.921600000000,107.592500000000,Negeri,20244949,SD,,Jl. Cibadak Gg. Ibu Aisah No.16/9A,Cibadak,Kec. Astanaanyar
SDN 266 MENGGER KOTA BANDUNG,-6.949700000000,107.621000000000,Negeri,20245049,SD,02273590207,Jl. Terusan Sukaati No. 21,Mengger,Kec. Bandung Kidul
SDN 267 GRIYA BUMI ANTAPANI KOTA BANDUNG,-6.919500000000,107.655800000000,Negeri,20245573,SD,,Jl. Kadipaten 14 No. 2,Antapani Kidul,Kec. Antapani
SDN 268 PANYILEUKAN KOTA BANDUNG,-6.945600000000,107.714300000000,Negeri,20245726,SD,02287882549,Komp. Bumi Panyileukan G.15 No. 23 RT. 01 RW. 07,Cipadung Kidul,Kec. Panyileukan
SDN 269 GRIYA BUMI ANTAPANI KOTA BANDUNG,-6.918000000000,107.665500000000,Negeri,20245579,SD,,Jl. Banjarsari IV No. 1,Antapani Tengah,Kec. Antapani
SDN 270 GENTRA MASEKDAS KOTA BANDUNG,-6.936400000000,107.587200000000,Negeri,20244974,SD,02287786621,Jl. Sukamulya No. 29,Suka Asih,Kec. Bojong Loa Kaler
SDN 271 PANGHEGAR KOTA BANDUNG,-6.929800000000,107.698000000000,Negeri,20245723,SD,,Jl. Pamekar Barat No. 5,Mekar Mulya,Kec. Panyileukan
SDN 272 SUKASARI KOTA BANDUNG,-6.888160000000,107.582331000000,Negeri,20245274,SD,0222012989,Jl. Sukakarya No. 19,Sukagalih,Kec. Sukajadi
SDN 273 GEMPOL SARI KOTA BANDUNG,-6.934900000000,107.553300000000,Negeri,20244863,SD,,Komplek Bumi Asri E-40,Gempol Sari,Kec. Bandung Kulon
SDN 274 CEMPAKA ARUM KOTA BANDUNG,-6.957600000000,107.707800000000,Negeri,20245486,SD,0227831910,Jl. Umar Bin Khotob,Rancanumpang,Kec. Gedebage
SD 1 KRISTEN PAULUS,-6.903600000000,107.599600000000,Swasta,20219591,SD,4237131,Jl. Dr. Rajiman No. 11,Pasirkaliki,Kec. Cicendo
SD 3 KRISTEN PAULUS,-6.911000000000,107.617900000000,Swasta,20219588,SD,0224200244,Jl. Lombok No. 7,Merdeka,Kec. Sumur Bandung
SD ABU AZIS,-6.906479000000,107.573435900000,Swasta,69947473,SD,0227275652,Jl. Jamaras IV No. 11b,Jatihandap,Kec. Mandalajati
SD ADVENT CIMINDI,-6.901300000000,107.563900000000,Swasta,20219531,SD,0226010612,Jl. Raya Cimindi No. 74,Campaka,Kec. Andir
SD ADVENT II BANDUNG,-6.883200000000,107.602400000000,Swasta,20258082,SD,0222043220,Jl. Setiabudhi No 1 Bandung,Cipaganti,Kec. Coblong
SD ADVENT NARIPAN,-6.918600000000,107.612300000000,Swasta,20219530,SD,0224234027,Jl.Naripan No.91,Kebon Pisang,Kec. Sumur Bandung
SD ADZKIA,-6.867400000000,107.602000000000,Swasta,69932122,SD,0222041514,Jl. Panumbang Jaya Dalam No. 38F,Ciumbuleuit,Kec. Cidadap
SD AL AZHAR 36,-6.927500000000,107.623900000000,Swasta,69752555,SD,082115200077,Jl. Palasari nomor 09,Lingkar Selatan,Kec. Lengkong
SD AL BAROKAH,-6.927700000000,107.578700000000,Swasta,20219528,SD,6121235,Jl. Aki Padma No. 23,BABAKAN,Kec. Babakan Ciparay
SD AL BASYARIYAH,-6.949400000000,107.590600000000,Swasta,20219527,SD,02285447672,Jl. Cibaduyut Lama Komplek Sauyunan,KEBON LEGA,Kec. Bojong Loa Kidul
SD AL FALAH,-6.872600000000,107.625600000000,Swasta,20219526,SD,20468502,Jl. Cisitu Baru No.52,DAGO,Kec. Coblong
SD AL FATAH,-6.943700000000,107.589400000000,Swasta,20219525,SD,081222795110,Jl. Kopo Gg. Sukaleueur,Babakan Asih,Kec. Bojong Loa Kaler
SD AL FATAH AL HASAN,-6.893000000000,107.561100000000,Swasta,20219524,SD,082121499400,Jl. Gunung Batu No. 31,SUKARAJA,Kec. Cicendo
SD AL HIDAYAH,-6.929500000000,107.585200000000,Swasta,20219523,SD,6125992,Jl. Babakan Ciparay No. 147,Suka Asih,Kec. Bojong Loa Kaler
SD AL HUSAINIYYAH,-6.878400000000,107.606300000000,Swasta,20219544,SD,,Jl. Bukit Jarian No.29/165 D,Hegarmanah,Kec. Cidadap
SD AL IKHLAS,-6.884900000000,107.594100000000,Swasta,20219532,SD,02282602705,Jln. Karang Tineung Dalam No. 84,Cipedes,Kec. Sukajadi
SD AL KENZIE,-6.959400900000,107.657501700000,Swasta,70005214,SD,0228724825,Jl. Kp. Margaasih - Cijawura,Cijaura,Kec. Buahbatu
SD AL QURAN ISLAMIYAH,0.000000000000,0.000000000000,Swasta,70052205,SD,082295694857,Jl. Gg. Sukaleueur No. 100 RT.02/07,Babakan Asih,Kec. Bojong Loa Kaler
SD AL- HIDAYAH,-6.872000000000,107.608100000000,Swasta,20252052,SD,08976632920,Jl. Rancabulan No. 7 Rancabentang,Ciumbuleuit,Kec. Cidadap
SD AL-AMIN,-6.881100000000,107.616200000000,Swasta,20219529,SD,08814537157,Jl. Bangbayang No. 15/157 C,Sekeloa,Kec. Coblong
SD AL-HUNAFA,0.000000000000,0.000000000000,Swasta,70031983,SD,0818242528,Jl. Negla Senang I,Pasanggrahan,Kec. Ujungberung
SD AL-IHSAN ISLAMIC SCHOOL,-6.933762000000,107.679076000000,Swasta,69969798,SD,081320975696,Jl. Cisaranten Baru I No. 11,Cisaranten Kulon,Kec. Arcamanik
SD AL-IRHAAM GLOBAL ISLAMIC SCHOOL,-6.904500000000,107.675800000000,Swasta,20252083,SD,02263761735,Jl. A.H. Nasution No. 133,Karang Pamulang,Kec. Mandalajati
SD AL-QURAN,-6.899764000000,107.675310000000,Swasta,69986341,SD,02287789504,Jl. A.H. Nasution No. 185,Pasir Impun,Kec. Mandalajati
SD ALAM BANDUNG,-6.866500000000,107.617400000000,Swasta,20269424,SD,02220458742,Jl. Cikalapa II No. 4 Kp. Tanggulan Dago Pojok,Dago,Kec. Coblong
SD ALFA CENTAURI,-6.927600000000,107.623100000000,Swasta,69734330,SD,0227310894,Jl. Terate No. 10,Samoja,Kec. Batununggal
SD ANDIR MUKTI,-6.913600000000,107.570600000000,Swasta,20219533,SD,02220594906,Jl. Jend. Sudirman Blk 799,Cijerah,Kec. Bandung Kulon
SD ANGKASA 1,-6.905600000000,107.586100000000,Swasta,20219534,SD,02220569901,Jl. Pajajaran No. 150,Pajajaran,Kec. Cicendo
SD ANGKASA 3,-6.899000000000,107.586500000000,Swasta,20219542,SD,0226078931,Jl. Zuhri Cik Deri,Pajajaran,Kec. Cicendo
SD AR-RAHMAN DARUL ILMI,-6.893400000000,107.615543000000,Swasta,69934958,SD,,Jl. Ir. H. Juanda Blk No. 423,Dago,Kec. Coblong
SD ARRAFI,-6.942000000000,107.645700000000,Swasta,20247205,SD,0227311009,Jl. Sekejati III No.20,Sukapura,Kec. Kiaracondong
SD ASHFIYA,-6.945300000000,107.682200000000,Swasta,69922041,SD,085316335505,Jl. Riung Mungpulung I,Cisaranten Kidul,Kec. Gedebage
SD ASSALAAM,-6.925700000000,107.607600000000,Swasta,20219541,SD,0224201338,Jl. Sasakgantung No. 1-3,Balong Gede,Kec. Regol
SD ASY-SYIFA 1,-6.951100000000,107.667000000000,Swasta,20219539,SD,0227564156,Jalan Saturnus Timur No. 94,Manjahlega,Kec. Rancasari
SD ASY-SYIFA 2,-6.927400000000,107.662700000000,Swasta,20219580,SD,7276439,Jl. Randusari V,Antapani Kidul,Kec. Antapani
SD ATTAZHIMIYAH,-6.944800000000,107.565500000000,Swasta,20219538,SD,,Blok Pesantren RT.01 RW.04,Cigondewah Kidul,Kec. Bandung Kulon
SD AZ-ZAKIYAH,-6.944900000000,107.649500000000,Swasta,20219579,SD,0227503784,Jl. Cijawura Girang IV No.2,Sekejati,Kec. Buahbatu
SD BAITUL HIKMAH,-6.921200000000,107.565000000000,Swasta,69947447,SD,20563364,Jl. Mekar Indah No. 2B,Cijerah,Kec. Bandung Kulon
SD BALA KESELAMATAN,-6.922200000000,107.604200000000,Swasta,20219585,SD,0226013297,Jl. Gardujati No. 89,Kebon Jeruk,Kec. Andir
SD BANDUNG ISLAMIC SCHOOL,-6.917600000000,107.615400000000,Swasta,69971730,SD,081220475731,Jl. Van Deventer No.12,Kebon Pisang,Kec. Sumur Bandung
SD BANDUNG RAYA,-6.922600000000,107.569100000000,Swasta,20219537,SD,081322450839,Jl. Cijerah No. 151,Cibuntu,Kec. Bandung Kulon
SD BIANGLALA,-6.875600000000,107.595700000000,Swasta,20247206,SD,0222008676,Jl. Sari Endah 19 A Gegerkalong Hilir,Sukarasa,Kec. Sukasari
SD BINA TALENTA,-6.939900000000,107.612500000000,Swasta,20247274,SD,0225208123,Jl. Kembar Baru Utara No.4 Bandung,Cigereleng,Kec. Regol
SD BINAR INDONESIA,-6.952100000000,107.661800000000,Swasta,70003404,SD,02287310227,Jl. Rancabolang No. 241,Manjahlega,Kec. Rancasari
SD BINEKAS,-6.903641000000,107.658246000000,Swasta,69980028,SD,081395221590,Buah Batu Regency G7-7,Kujangsari,Kec. Bandung Kidul
SD BINTANG MADANI,-6.903600000000,107.680700000000,Swasta,20270664,SD,0227211124,Jl. Terusan Pesantren No. 102,Cisaranten Bina Harapan,Kec. Arcamanik
SD BINTANG MULIA,-6.953600000000,107.602100000000,Swasta,20255795,SD,0225233890,Jl. Mekar Kencana No.1,Mekar Wangi,Kec. Bojong Loa Kidul
SD BODHI SINAR TERANG,-6.912426000000,107.583537000000,Swasta,69967567,SD,6125669,Jl. Jend. Sudirman No. 478 - 480,Ciroyom,Kec. Andir
SD BPI,-6.926900000000,107.624000000000,Swasta,20219536,SD,0227301460,Jl. HALIMUN NO. 40,Lingkar Selatan,Kec. Lengkong
SD BPMD TARUNA,-6.915300000000,107.577300000000,Swasta,20219535,SD,6044336,Jl. Hasan Ali No. 64 A/76,Dungus Cariang,Kec. Andir
SD BUDI ASIH,-6.951900000000,107.646600000000,Swasta,20219522,SD,0227531013,Jl. Cipagalo Girang,Margasari,Kec. Buahbatu
SD BUDI ISTRI,-6.929600000000,107.619600000000,Swasta,20219617,SD,0227312428,JL. SANCANG NO. 4,BURANGRANG,Kec. Lengkong
SD BUDI SASTRA,-6.954300000000,107.600200000000,Swasta,20219604,SD,,Jl. Warna Cinta No. 98,Mekar Wangi,Kec. Bojong Loa Kidul
SD CAHAYA NUSANTARA,-6.929500000000,107.568200000000,Swasta,20258325,SD,0226076904,Komp. Taman Burung B 02 Gempol Sari,Gempol Sari,Kec. Bandung Kulon
SD CAHAYA PELITA,-6.927500000000,107.585400000000,Swasta,20219603,SD,02286061384,Jl. Babakan Ciparay No. 251/194 A,Sukahaji,Kec. Babakan Ciparay
SD CEMARA,-6.885300000000,107.598900000000,Swasta,20219601,SD,081387114374,Jl. Cemara Selatan No. 358 / 181,Pasteur,Kec. Sukajadi
SD CERDAS MULIA EKSELENSIA,-6.956382400000,107.677865200000,Swasta,69949228,SD,02287528060,Jl. Rahayu Raya II Blok Rancacili,Cipamokolan,Kec. Rancasari
SD CERDAS MUTHAHHARI,-6.921300000000,107.671700000000,Swasta,20267679,SD,02287241063,Jl. Layar No. 17,Cisaranten Endah,Kec. Arcamanik
SD CIPAERA,-6.920500000000,107.624100000000,Swasta,20219599,SD,087825463616,Jl. Cipaera Selatan No. 145/33,MALABAR,Kec. Lengkong
SD CIPTA KARYA,-6.921600000000,107.636400000000,Swasta,20246315,SD,081222009993,Jl. Jembatan Opat Cibangkong Lor No. 34 Bandung,Maleer,Kec. Batununggal
SD CITRA CEMARA,-6.919200000000,107.573600000000,Swasta,20269306,SD,0226123475,Jl. Soekarno Hatta No. 22,Cibuntu,Kec. Bandung Kulon
SD CITRA WINAYA,-6.891800000000,107.591200000000,Swasta,20219598,SD,,Jl. Cipedes Tengah No. 8,Cipedes,Kec. Sukajadi
SD DAARUL HIKMAH BANDUNG,-6.915800000000,107.656900000000,Swasta,70005215,SD,08122023600,Jl. Cikampek Raya No. 17,Antapani Tengah,Kec. Antapani
SD DARUL HIKAM,-6.878892000000,107.616275900000,Swasta,20219597,SD,0222516705,Jl. Ir. H. Juanda 285,Dago,Kec. Coblong
SD DARUL HIKAM INTEGRATED SCHOOL,-6.905500000000,107.630600000000,Swasta,70031982,SD,02220531676,Jl. Brigjen Katamso No. 07,Cihaurgeulis,Kec. Cibeunying Kaler
SD DEWI SARTIKA,-6.925500000000,107.604200000000,Swasta,20219596,SD,0224214290,Jl. Kautamaan Istri No.12,Balong Gede,Kec. Regol
SD DIAN KENCANA,-6.937900000000,107.608700000000,Swasta,20219606,SD,5227047,Jl. BKR No. 167,Cigereleng,Kec. Regol
SD DWI AMANAT,-6.922300000000,107.587700000000,Swasta,20219607,SD,6021207,Jl. Pagarsih No. 205,Jamika,Kec. Bojong Loa Kaler
SD DWISAKTI,-6.910200000000,107.577400000000,Swasta,20219616,SD,0226011301,Jl. Laksmud. Nurtanio No.58,Garuda,Kec. Andir
SD EDU GLOBAL,-6.903881000000,107.612557000000,Swasta,69980373,SD,20523705,Jl. Citarum No. 35,Citarum,Kec. Bandung Wetan
SD EL FITRA,-6.924800000000,107.665000000000,Swasta,69948519,SD,02287831182,Jl. Cibodas Raya No. 49,Antapani Kidul,Kec. Antapani
SD ESA KAREEM PRIMARY SCHOOL,-6.945900000000,107.675900000000,Swasta,70046462,SD,08987204420,Jl. Bina ASih Timur I No. 1,Cipamokolan,Kec. Rancasari
SD ESSENVILLE PRIMARY SCHOOL,0.000000000000,0.000000000000,Swasta,70052386,SD,081281601982,Jl. PHH. Mustofa No. 72,Cikutra,Kec. Cibeunying Kidul
SD GAGAS CERIA,-6.920600000000,107.624800000000,Swasta,20247207,SD,7303086,Jl. Malabar No. 61,Malabar,Kec. Lengkong
SD GANESHA,-6.935900000000,107.606600000000,Swasta,20219615,SD,5206994,Jl. Muhamad Toha No. 84,Pelindung Hewan,Kec. Astanaanyar
SD GIKI,-6.881000000000,107.596700000000,Swasta,20219614,SD,0222042029,Jl. Karangsari No. 29,Pasteur,Kec. Sukajadi
SD GRACIA 2,-6.928100000000,107.594900000000,Swasta,20219612,SD,0226017100,Jl. Pagarsih No. 256,Jamika,Kec. Bojong Loa Kaler
SD HARAPAN KASIH,-6.954230000000,107.602365000000,Swasta,69895387,SD,02287787262,Jl. Mekar Kencana No. 2A Komplek Mekar Wangi,Mekar Wangi,Kec. Bojong Loa Kidul
SD HAS DARUL ILMI,-6.937456800000,107.659404400000,Swasta,69947365,SD,0227335785,Jl. Cidurian Utara No. 179,Sukapura,Kec. Kiaracondong
SD IBNU TAIMIYAH,-6.891900000000,107.592700000000,Swasta,20219610,SD,2039087,Jl. Sukagalih Gg. H. Gojali 02/07,CIPEDES,Kec. Sukajadi
SD IGNATIUS SLAMET RIYADI,-6.925500000000,107.631800000000,Swasta,20219609,SD,0227330049,Jl. Gatot Subroto 221 Bandung,Cibangkong,Kec. Batununggal
SD IGNATIUS SLAMET RIYADI 2,-6.937300000000,107.643800000000,Swasta,20219608,SD,0227305824,Jl. Kebon Kangkung X,Kebon Kangkung,Kec. Kiaracondong
SD INDUSTRI,-6.912600000000,107.594800000000,Swasta,20219595,SD,0226120020,Jl. Industri Dalam No. 2,Arjuna,Kec. Cicendo
SD INTAN AL-SALI,-6.913400000000,107.716800000000,Swasta,69952860,SD,085523869655,Jl. Pasanggrahan Indah No. 15,Cisurupan,Kec. Cibiru
SD INTELIGENSIA,-6.921500000000,107.709400000000,Swasta,70007902,SD,081223344511,Jl. A.H Nasution No. 242,Cipadung Kulon,Kec. Panyileukan
SD IRK,-6.926000000000,107.616700000000,Swasta,20219594,SD,0224230597,Jl. Karapitan 1 No. 2,Paledang,Kec. Lengkong
SD ISLAM ABU SENO,-6.908500000000,107.646200000000,Swasta,70042649,SD,02220529175,Jl. Gg. Slamet II No. 15,Babakan Surabaya,Kec. Kiaracondong
SD ISLAM AL AZHAR 30,-6.876300000000,107.574500000000,Swasta,20253348,SD,0222015451,Jl. Tirtasari III No. 1,Sarijadi,Kec. Sukasari
SD ISLAM AL AZHAR 62 SUMMARECON BANDUNG,-6.960700000000,107.702000000000,Swasta,70031980,SD,,"Jalan Bulevar Raya, No. BLR 005, Summarecon Bandung",Cisaranten Kidul,Kec. Gedebage
SD ISLAM AL-MUIZZ,-6.947400000000,107.689700000000,Swasta,69989950,SD,,Jl. Gedebage No. 97,Cisaranten Kidul,Kec. Gedebage
SD ISLAM CENDEKIA MUDA,-6.921300000000,107.675200000000,Swasta,20255299,SD,0227102888,Jl. Puri Ayu Pratama No. 17,Sukamiskin,Kec. Arcamanik
SD ISLAM KARAKTER BAITURRAHMAH,0.000000000000,0.000000000000,Swasta,70051795,SD,,Jl. Pinus VII Pinus Regensi,Babakan Penghulu,Kec. Cinambo
SD ISLAM MUTIARA HATI,-6.920500000000,107.665600000000,Swasta,20254714,SD,0227273245,Jl. Terusan Cikajang Raya,Antapani Tengah,Kec. Antapani
SD ISLAM NURUL AMANAH,-6.937100000000,107.682200000000,Swasta,70031985,SD,,Jl. Sumbersari No. 101,Cisaranten Kulon,Kec. Arcamanik
SD ISLAM TERPADU AL IRSYAD,-6.892800000000,107.641800000000,Swasta,20253818,SD,0227271966,Jl. Al-Irsyad Cikutra RT. 09 RW. 02 Kota Bandung 40124,Neglasari,Kec. Cibeunying Kaler
SD ISLAM TERPADU AMANAH UMMAH,-6.913000000000,827.683500000000,Swasta,70031981,SD,,Jl. Cicukang No. 54,Cisaranten Bina Harapan,Kec. Arcamanik
SD ISLAM TERPADU LUQMANUL HAKIM,-6.932400000000,107.675900000000,Swasta,20219577,SD,02287821297,Jl. Cingised Komp. Pemda Kav. D13-D15,Cisaranten Endah,Kec. Arcamanik
SD ISTIQAMAH,-6.904700000000,107.621200000000,Swasta,20219578,SD,0224209634,Jl. Taman Citarum,Citarum,Kec. Bandung Wetan
SD IT AL FITRAH,-6.944843600000,107.670154000000,Swasta,20269138,SD,0227567439,Jl. Merkuri Timur No. 1,Manjahlega,Kec. Rancasari
SD IT Al-FAJAR,-6.966900000000,107.642000000000,Swasta,20267927,SD,0227511870,Jl. Buana Sari IV No. 18-21,Kujangsari,Kec. Bandung Kidul
SD IT AL-HIDAYAH LOGAM,-6.957200000000,107.644000000000,Swasta,69986203,SD,02287507287,Jl. Logam No. 12,Cijaura,Kec. Buahbatu
SD IT INSAN CERMAT,-6.909700000000,107.728300000000,Swasta,70008908,SD,02263700863,Jl. Kp. Cigagak Wetan No. 65,Palasari,Kec. Cibiru
SD ITQAN ISLAMIC SCHOOL,-6.893200000000,107.657200000000,Swasta,69946543,SD,085793837300,"Jalan Padasuka No. 158 - 160 Kec. Cibeunying Kidul, Kota Bandung 40192",Padasuka,Kec. Cibeunying Kidul
SD JEMBAR,-6.923500000000,107.644100000000,Swasta,20219576,SD,085759068801,Jl. Jatinegara No. 1,Kebon Waru,Kec. Batununggal
SD JUARA,-6.939700000000,107.711900000000,Swasta,69734138,SD,08112312210,Jl. Ters. Panyileukan RT.04/13,Cipadung Kidul,Kec. Panyileukan
SD KARAKTER AZ-ZAHRA,-6.890200000000,107.660500000000,Swasta,20279824,SD,87241567,Jl. Pasirlayung Asri No. 15,Pasirlayung,Kec. Cibeunying Kidul
SD KARTIKA X-1,-6.927700000000,107.635700000000,Swasta,20219574,SD,0227314739,Jl. Jenderal Gatot Subroto N0. 160,Lingkar Selatan,Kec. Lengkong
SD KARTIKA XIX - 1,-6.912700000000,107.618500000000,Swasta,20219575,SD,082249566638,Jl. Bangka No.3,Merdeka,Kec. Sumur Bandung
SD KASIH BANGSA,-6.946900000000,107.560500000000,Swasta,69894361,SD,20585430,Taman Holis Indah Blok G,Cigondewah Rahayu,Kec. Bandung Kulon
SD KEMAH INDONESIA,-6.925100000000,107.594100000000,Swasta,20219572,SD,02286060862,Jl. Pagarsih Gg. Onong No.183/89,Cibadak,Kec. Astanaanyar
SD KEMALA BHAYANGKARI 1,-6.932000000000,107.622000000000,Swasta,20219581,SD,02273511513,Jl. Palasari No.46,Malabar,Kec. Lengkong
SD KRISTEN 1 BINA BAKTI,-6.908600000000,107.599100000000,Swasta,20219583,SD,0226015168,Jl. Bima No. 9,ARJUNA,Kec. Cicendo
SD KRISTEN 1 BPK PENABUR,-6.919600000000,107.595200000000,Swasta,20219592,SD,6000136,Jl. Jend.sudirman 246,Kebon Jeruk,Kec. Andir
SD KRISTEN 2 BINA BAKTI,-6.909700000000,107.601000000000,Swasta,20219590,SD,0226034388,Jl. Bima No. 9,ARJUNA,Kec. Cicendo
SD KRISTEN 5 BPK PENABUR,-6.925700000000,107.621000000000,Swasta,20219587,SD,7319910,Jl. Guntur 34,Malabar,Kec. Lengkong
SD KRISTEN 6 BPK PENABUR,-6.917100000000,107.577900000000,Swasta,20219586,SD,0226012483,Jl. Jend. Sudirman 638,Dungus Cariang,Kec. Andir
SD KRISTEN BAPTIS,-6.904100000000,107.606500000000,Swasta,20219584,SD,0224263854,Jl. Wastukencana No. 40,Taman Sari,Kec. Bandung Wetan
SD KRISTEN BPK PENABUR PASIRKALIKI 164,-6.902400000000,107.597800000000,Swasta,70042650,SD,,Jl. HOS. Cokroaminoto No.164,Pasirkaliki,Kec. Cicendo
SD KRISTEN BPK PENABUR SINGGASANA,-6.957000000000,107.614600000000,Swasta,69760835,SD,0225436322,Jl. Indra Prahasta Timur No.2 Bandung,Mekar Wangi,Kec. Bojong Loa Kidul
SD KRISTEN BPK PENABUR TAMAN HOLIS INDAH,-6.946300000000,107.569600000000,Swasta,20219822,SD,0226003615,Komp. Taman Holis Indah Blok A,Cigondewah Kidul,Kec. Bandung Kulon
SD KRISTEN BPPK,-6.907100000000,107.594100000000,Swasta,20219858,SD,0226006191,Jl. Pajajaran No. 91-95,Arjuna,Kec. Cicendo
SD KRISTEN DIAN EMAS,-6.939100000000,107.599200000000,Swasta,20219845,SD,5228858,Jl. Muara Barat No.2,SITUSAEUR,Kec. Bojong Loa Kidul
SD KRISTEN GAMALIEL,-6.920600000000,107.604800000000,Swasta,20219844,SD,0226003553,Jl. Jendral Sudirman No. 205-207,Cibadak,Kec. Astanaanyar
SD KRISTEN HIDUP BARU,-6.865800000000,107.606000000000,Swasta,20258399,SD,0222031739,Jl. Ciumbuleuit No.160,Ciumbuleuit,Kec. Cidadap
SD KRISTEN KALAM KUDUS,-6.932300000000,107.608600000000,Swasta,20219843,SD,0225200573,Jl. Ibu Inggit Garnasih No. 108 .,Ciateul,Kec. Regol
SD KRISTEN PELITA,-6.932900000000,107.571700000000,Swasta,20219842,SD,0226023009,Jl. Holis No. 300,Caringin,Kec. Bandung Kulon
SD KRISTEN TRIMULIA,-6.895300000000,107.589900000000,Swasta,20219840,SD,0226030547,Jl. Kebonjati 145,Kebon Jeruk,Kec. Andir
SD KRISTEN TRIMULIA HITS,-6.895300000000,107.589900000000,Swasta,20247257,SD,02286061577,Jl. Dr. Djunjunan No. 105,Pajajaran,Kec. Cicendo
SD KRISTEN YAHYA,-6.904400000000,107.617200000000,Swasta,20219839,SD,0224234747,Jl. Progo No. 4,Citarum,Kec. Bandung Wetan
SD KUNTUM CEMERLANG,-6.862400000000,107.602900000000,Swasta,20255260,SD,2005668,Jl. Cipaku Indah 11 No.2,LEDENG,Kec. Cidadap
SD LABORATORIUM PERCONTOHAN UPI,-6.861691100000,107.591471700000,Swasta,20252973,SD,,Jl. Senjaya Guru No.04,ISOLA,Kec. Sukasari
SD LINGGAWASTU,-6.902200000000,107.605900000000,Swasta,20219838,SD,,Jl. Linggawastu No. 8 A,Taman Sari,Kec. Bandung Wetan
SD LPPN,-6.915800000000,107.585500000000,Swasta,20219837,SD,,Jl. Rajawali Timur No. 76,Ciroyom,Kec. Andir
SD MALEBER BARAT,-6.910600000000,107.576500000000,Swasta,20219846,SD,082126906480,Jl. Maleber Barat Gg. Wibawa III No. 7,Maleber,Kec. Andir
SD MALEBER SELATAN,-6.910900000000,107.571200000000,Swasta,20219847,SD,082128284174,Jl. Rajawali Gg. Latifah,Maleber,Kec. Andir
SD MALEBER UTARA,-6.907100000000,107.577500000000,Swasta,20219848,SD,,Jl. Maleber Utara No.5,Garuda,Kec. Andir
SD MANAARATUL IMAN HIIS,-6.914900000000,107.653500000000,Swasta,70038569,SD,,Jl. Depok Raya No. 2A,Antapani Tengah,Kec. Antapani
SD MARIA BINTANG LAUT,-6.917000000000,107.592200000000,Swasta,20219857,SD,0226019388,Jl. Kebonjati No.209 Bandung,Ciroyom,Kec. Andir
SD MATHLAUL KHOERIYAH,-6.903000000000,107.606700000000,Swasta,20219856,SD,4217645,Jl. Tamansari Bawah No. 60,Taman Sari,Kec. Bandung Wetan
SD MIFTAHUL IMAN,-6.854700000000,107.594000000000,Swasta,20219855,SD,0222010399,Jl Setiabudhi 179/171 A,Isola,Kec. Sukasari
SD MUHAMMADIYAH 1,-6.932800000000,107.623500000000,Swasta,20219854,SD,73512531,Jl. Banteng Dalam No. 6,TURANGGA,Kec. Lengkong
SD MUHAMMADIYAH 2,-6.927300000000,107.648100000000,Swasta,20219853,SD,0227333051,Jl. Kebon Jayanti  Gg. Pensiun Kiaracondong,Kebun Jayanti,Kec. Kiaracondong
SD MUHAMMADIYAH 3,-6.902300000000,107.653000000000,Swasta,20219852,SD,20526830,Jl. Phh Mustopa,Padasuka,Kec. Cibeunying Kidul
SD MUHAMMADIYAH 4,-6.891400000000,107.592800000000,Swasta,20219851,SD,0222036179,Jl. Sukagalih Gg. H. Gojali No. 134,CIPEDES,Kec. Sukajadi
SD MUHAMMADIYAH 5,-6.940000000000,107.595700000000,Swasta,20219850,SD,0225233404,Jl. Leuwipanjang No. 24,Situsaeur,Kec. Bojong Loa Kidul
SD MUHAMMADIYAH 6,-6.863100000000,107.620900000000,Swasta,20219849,SD,,Jl. Ir.h. Juanda Kp. Bengkok,Ciumbuleuit,Kec. Cidadap
SD MUHAMMADIYAH 7,-6.917700000000,107.655300000000,Swasta,20219836,SD,0227214139,Jl. Kadipaten Raya No 4-6,Antapani Kidul,Kec. Antapani
SD MUHAMMADIYAH 8,-6.915800000000,107.704400000000,Swasta,20219835,SD,7806023,Jl. A. H. Nasution 168 Bandung,Cipadung Kulon,Kec. Panyileukan
SD MUTIARA,-6.907500000000,107.577900000000,Swasta,20219834,SD,0226010563,Jl. Maleber Utara No.37,Garuda,Kec. Andir
SD MUTIARA BUNDA,-6.910300000000,107.670800000000,Swasta,20253757,SD,0227216578,Jl. Arcamanik Endah No.3,Sukamiskin,Kec. Arcamanik
SD NUGRAHA,-6.951200000000,107.611200000000,Swasta,20219821,SD,88885318,Jl. Pln Dalam No. 4,Ciseureuh,Kec. Regol
SD PANDU,-6.905200000000,107.593200000000,Swasta,20219820,SD,0226021743,Jl. Pandu No. 6,Pamoyanan,Kec. Cicendo
SD PANGKALAN,-6.952000000000,107.578000000000,Swasta,20219819,SD,,Jl. Cibolerang No. 02,Margahayu Utara,Kec. Babakan Ciparay
SD PARDOMUAN,-6.910800000000,107.618500000000,Swasta,20219818,SD,,Jl. Lombok No. 7,Merdeka,Kec. Sumur Bandung
SD PASCAL MONTESSORI,-6.924300000000,107.621500000000,Swasta,70041032,SD,081464400901,Jl. Guntur No. 14,Malabar,Kec. Lengkong
SD PASUNDAN 2,-6.927500000000,107.585400000000,Swasta,20219816,SD,6026149,Jl. Babakan Ciparay No. 112 / 194 A,Sukahaji,Kec. Babakan Ciparay
SD PASUNDAN 3,-6.927400000000,107.584900000000,Swasta,20219815,SD,,Jl. Babakan Ciparay No.112/194 A,Sukahaji,Kec. Babakan Ciparay
SD PELITA,-6.908700000000,107.635100000000,Swasta,20219814,SD,,Jl. Citamiang No. 43,Sukamaju,Kec. Cibeunying Kidul
SD PELITA BANGSA,-6.948000000000,107.604700000000,Swasta,20253917,SD,0225201214,Jl. Soekarno Hatta No. 391,Karasak,Kec. Astanaanyar
SD PELITA FAJAR,-6.919000000000,107.587700000000,Swasta,60728783,SD,0226001456,Jl. Jendral Sudirman 467,Jamika,Kec. Bojong Loa Kaler
SD PELITA JASA,-6.911500000000,107.586700000000,Swasta,20219813,SD,081214505099,Jl. Komud. Supadio Gg. Hanura No.13,Husen Sastranegara,Kec. Cicendo
SD PELITA NUSANTARA,-6.879100000000,107.597400000000,Swasta,20247253,SD,02220389334,Jl. Suka Asih 61 A Setiabudhi,Gegerkalong,Kec. Sukasari
SD PERTIWI,-6.897600000000,107.607100000000,Swasta,20219823,SD,0222512048,Jl. Kebon Bibit No. 16,Taman Sari,Kec. Bandung Wetan
SD PLUS AL FATWA,-6.950600000000,107.613400000000,Swasta,20246728,SD,02242821035,Jl. Pln Cigereleng No. 21,Ciseureuh,Kec. Regol
SD PLUS AL GHIFARI,-6.934000000000,107.679400000000,Swasta,20219824,SD,0227806223,Jl. Cisaranten Kulon No. 140,Cisaranten Kulon,Kec. Arcamanik
SD PLUS BAITURRAHMAN,-6.908700000000,107.706600000000,Swasta,20247254,SD,081310008856,Jl. Prof. KH. M. Syadeli Hasan No. 44 Nagrog II,Pasirjati,Kec. Ujungberung
SD PRASISTHA,-6.917800000000,107.585700000000,Swasta,20219833,SD,0226040430,Jl. Andir Ri Winata No. 314/79,Dungus Cariang,Kec. Andir
SD PRIANGAN ISTIQAMAH,-6.906758000000,107.628363000000,Swasta,20219832,SD,0227275494,Jl. Baros No.1,Cihapit,Kec. Bandung Wetan
SD PROF. DR. MOESTOPO,-6.883000000000,107.617100000000,Swasta,20219830,SD,0222501456,Jl. Tubagus Ismail III  No. 3,Sekeloa,Kec. Coblong
SD RABBANI,-6.916000000000,107.681700000000,Swasta,70003403,SD,20507186,Jalan Jati,Cisaranten Kulon,Kec. Arcamanik
SD RAJAWALI,-6.913100000000,107.583700000000,Swasta,20219829,SD,082115111670,Jl. Andir No 117a/78 Bandung,Ciroyom,Kec. Andir
SD RANCAKASUMBA,-6.934100000000,107.680200000000,Swasta,20219828,SD,,Jl. Sumbersari No. 104,Cisaranten Kulon,Kec. Arcamanik
SD REHOBOTH,-6.925200000000,107.606000000000,Swasta,20219841,SD,4234384,Jl. Rd. Dewi Sartika No. 36-38,Balong Gede,Kec. Regol
SD SAINS AL BIRUNI,-6.938000000000,107.712900000000,Swasta,20219827,SD,7807681,Jl. Raya Panyileukan No. 11,Cipadung Kidul,Kec. Panyileukan
SD SALMAN AL FARISI,-6.882900000000,107.622200000000,Swasta,20253819,SD,0222515961,Jl. Tubagus Ismail VIII No.42A,Sekeloa,Kec. Coblong
SD SALUYU,-6.931300000000,107.587900000000,Swasta,20219826,SD,081221996405,Kp. Situgunting No. 309/194 A,Sukahaji,Kec. Babakan Ciparay
SD SANTA ANGELA,-6.912500000000,107.610900000000,Swasta,20219825,SD,0224214736,Jl. Merdeka No. 24,Babakan Ciamis,Kec. Sumur Bandung
SD SANTA MELANIA,-6.900800000000,107.623800000000,Swasta,20219883,SD,0227204816,Jl. Melania No. 1-3,Cihaurgeulis,Kec. Cibeunying Kaler
SD SANTA URSULA,-6.913000000000,107.633100000000,Swasta,20219812,SD,7201774,Jl. Bengawan No.2,Cihapit,Kec. Bandung Wetan
SD SANTO AGUSTINUS,-6.914000000000,107.632800000000,Swasta,20219894,SD,0227217631,Jl. Ahmad Yani  No 273,Cihapit,Kec. Bandung Wetan
SD SANTO ALOYSIUS BANDUNG KIDUL,-6.949900000000,107.632000000000,Swasta,20267930,SD,0227511670,Jl. Batununggal Indah II/30,Mengger,Kec. Bandung Kidul
SD SANTO ALOYSIUS SUKASARI,-6.876200000000,107.604300000000,Swasta,20247251,SD,0222038785,Jl. Sukajadi 223,Gegerkalong,Kec. Sukasari
SD SANTO ALOYSIUS TR,-6.913300000000,107.612700000000,Swasta,20219893,SD,0224235536,Jl. Trunojoyo No. 3,Citarum,Kec. Bandung Wetan
SD SANTO YUSUP,-6.914900000000,107.611100000000,Swasta,20219892,SD,0224202336,Jl. Jawa No. 2,Babakan Ciamis,Kec. Sumur Bandung
SD SANTO YUSUP I,-6.901400000000,107.644100000000,Swasta,20253862,SD,7231759,Jl. Cikutra No 7,Cikutra,Kec. Cibeunying Kidul
SD SEJATI,-6.898500000000,107.643000000000,Swasta,20219891,SD,087823210987,Jl. Cikutra Sukasari II No.20,Neglasari,Kec. Cibeunying Kaler
SD SEMI PALAR,-6.894831000000,107.595397000000,Swasta,69883610,SD,02270173412,Jl.  SUKAMULYA NO.77-79,Sukagalih,Kec. Sukajadi
SD SEQUOIA NASIONAL PLUS,-6.908828000000,107.605955000000,Swasta,69980318,SD,02287804850,Jl. Aceh No. 6,Babakan Ciamis,Kec. Sumur Bandung
SD SURUUR,-6.873000000000,107.599500000000,Swasta,20219887,SD,0222037080,Jl. Hegarmanah Tengah No. 1a,Hegarmanah,Kec. Cidadap
SD SURYANI DWI MARGA,-6.923300000000,107.580600000000,Swasta,20219889,SD,6120828,Jl. Terusan Suryani No.16/a - 191/c,Warung Muncang,Kec. Bandung Kulon
SD SWADAYA 1,-6.922300000000,107.588800000000,Swasta,20219886,SD,0226075279,Jl. Pagarsih No. 181 E,Jamika,Kec. Bojong Loa Kaler
SD TARUNA BAKTI,-6.906300000000,107.618400000000,Swasta,20219885,SD,0224261571,Jl. Ll. Re. Martadinata No. 52,CITARUM,Kec. Bandung Wetan
SD TEMASEK INDEPENDENT SCHOOL,-6.877200000000,107.594100000000,Swasta,69935556,SD,0222031381,Jl. Sindang Sirna No. 8,Gegerkalong,Kec. Sukasari
SD TERANG NUSANTARA,-6.922500000000,107.585700000000,Swasta,69986026,SD,0226072222,Jl. Jamika No. 88,Jamika,Kec. Bojong Loa Kaler
SD TERPADU KRIDA NUSANTARA,-6.916000000000,107.726600000000,Swasta,20246469,SD,0227830509,Jl. Desa Cipadung,Cipadung,Kec. Cibiru
SD TIARA BUNDA,-6.952500000000,107.634300000000,Swasta,20268416,SD,0227510654,Jl. Batununggal Indah I 74,Mengger,Kec. Bandung Kidul
SD TRIKARSA,-6.919100000000,107.644000000000,Swasta,20219884,SD,085220765582,Jl. Samsi No. 123/125 A,Kebon Waru,Kec. Batununggal
SD TULUS KARTIKA,-6.948700000000,107.662300000000,Swasta,20219895,SD,02287529201,Jl. Rancabolang No. 140,Sekejati,Kec. Buahbatu
SD TUNAS UNGGUL,-6.894400000000,107.678700000000,Swasta,20219896,SD,87789420,Jl. Pasir Impun No. 94,Pasir Impun,Kec. Mandalajati
SD UCHUWWATUL ISLAM,-6.897043100000,107.596326300000,Swasta,20219897,SD,0222018699,Jl. Pasirkaliki Gg. H. Ento,Sukabungah,Kec. Sukajadi
SD UNGGULAN AL-IZZAH BANDUNG,-6.911145600000,107.702824300000,Swasta,70038570,SD,081324977714,Jl. Cigending No. 10,Pasir Wangi,Kec. Ujungberung
SD WINDU PUTRA,-6.907300000000,107.571300000000,Swasta,20219907,SD,081395471008,Jl. Babakan Cibereum No.142,CAMPAKA,Kec. Andir
SD YAKESWA,-6.902600000000,107.603900000000,Swasta,20219906,SD,0224241463,Jl. Dr. Hatta 54/29 B,Taman Sari,Kec. Bandung Wetan
SD YAMI,-6.950900000000,107.609000000000,Swasta,20219905,SD,0225222362,Jl.karasak Baru No.16 Bandung,Karasak,Kec. Astanaanyar
SD YAYASAN ATIKAN SUNDA,-6.901000000000,107.647200000000,Swasta,20219904,SD,02220541426,Jl. PHH. Mustofa No. 115,Sukapada,Kec. Cibeunying Kidul
SD YAYASAN BERIBU,-6.937500000000,107.622500000000,Swasta,20247256,SD,7308323,Jl. B K R No. 1,Cijagra,Kec. Lengkong
SD YKPPK,-6.905800000000,107.605100000000,Swasta,20253349,SD,08956488895,Jl. Cihampelas Blk No. 14,Taman Sari,Kec. Bandung Wetan
SD YOS SUDARSO,-6.929600000000,107.607200000000,Swasta,20246460,SD,0225212151,Jl. Mohamad Toha No. 19,Pungkur,Kec. Regol
SD YPI,-6.901600000000,107.595600000000,Swasta,20253257,SD,,Jl. Muhammad No. 17 Bandung,Pamoyanan,Kec. Cicendo
SD YPU,-6.924100000000,107.629000000000,Swasta,20219902,SD,082316988254,Jl. Cukang Jati No. 5,Samoja,Kec. Batununggal
SD YWKA REL HOMY SCHOOL,-6.912600000000,107.577000000000,Swasta,20219901,SD,6032573,Jl. Rajawali  I  No. 5,Garuda,Kec. Andir
